corte_denue,id,clee,nom_estab,raz_social,clave_norm,codigo_act,nombre_act,per_ocu,estrato_min,cod_postal,cve_ent,entidad,cve_mun,municipio,localidad,nomb_asent,nom_vial,numero_ext,dominio_correo,www,latitud,longitud,fecha_alta,sitios_nacionales,piso_aplicado,motivo_ingreso,es_punto_venta,excluido_por
2026-05,6793321,05011311999000026002017530M4,VILLA DE PATOS,VILLA DE PATOS,VILLA DE PATOS,311999,Elaboración de otros alimentos,51 a 100 personas,51,25950,05,Coahuila de Zaragoza,011,General Cepeda,General Cepeda,CENTRO HISTÓRICO,BENITO JUÁREZ,213,villadepatos.com,,25.37524586,-101.47705597,2017-03,,101,pendiente_rescate,no,
2026-05,8723333,05017311612000014000024424S6,PLANTA IFOOD COYOTE,IFOOD MEXICO,IFOOD MEXICO,311612,"Corte y empacado de carne de ganado, aves y otros animales comestibles",31 a 50 personas,31,27457,05,Coahuila de Zaragoza,017,Matamoros,San Antonio del Coyote,HORMIGUERO,NINGUNO,3560,grupo2020.mx,,25.69724475,-103.31816631,2019-11,,101,pendiente_rescate,no,
2026-05,9449928,05018312113000074000099645S6,FABRICA DE HIELO APODACA SUCURSAL MONCLOVA,FABRICA DE HIELO APODACA,FABRICA DE HIELO APODACA,312113,Elaboración de hielo,31 a 50 personas,31,25790,05,Coahuila de Zaragoza,018,Monclova,Monclova,EVA SAMANO,ÁLVARO OBREGÓN,400,aguafria.mx,WWW.AGUAFRIA.MX,26.86033009,-101.42652374,2023-11,,51,pendiente_rescate,no,
2026-05,310767,05018461213000412012000000U5,HIELO GUERRA,HIELO GUERRA,HIELO GUERRA,312113,Elaboración de hielo,31 a 50 personas,31,25716,05,Coahuila de Zaragoza,018,Monclova,Monclova,CUARTO REPARTO,BENITO JUAREZ,1308,hotmail.com,,26.92054362,-101.4380473,2010-07,,51,pendiente_rescate,no,
2026-05,6299832,05018311513000044001000000U1,PRODUCTOS LACTEOS VAQUERO,PRODUCTOS LACTEOS VAQUERO,PRODUCTOS LACTEOS VAQUERO,311513,Elaboración de derivados y fermentos lácteos,31 a 50 personas,31,25750,05,Coahuila de Zaragoza,018,Monclova,Monclova,CUARTO REPARTO,MORELIA,908,hotmail.com,,26.91689826,-101.43160011,2010-07,,51,pendiente_rescate,no,
2026-05,6199041,05018311520000153002006629S5,HELADOS HOLANDA,UNILEVER DE MEXICO,UNILEVER DE MEXICO,311520,Elaboración de helados y paletas,51 a 100 personas,51,25730,05,Coahuila de Zaragoza,018,Monclova,Monclova,EL PUEBLO,GUADALUPE VICTORIA,106,,,26.92178634,-101.42179918,2024-05,,51,piso_estrato,no,
2026-05,6300369,05019311613000025001000000U6,EMPACADORA KACER,EMPACADORA KACER,EMPACADORA KACER,311613,"Preparación de embutidos y otras conservas de carne de ganado, aves y otros animales comestibles",101 a 250 personas,101,26500,05,Coahuila de Zaragoza,019,Morelos,Morelos,ZONA CENTRO,GUERRERO,906,hotmail.com,WWW.GRUPOKACER.COM,28.41004582,-100.87805822,2010-07,,101,piso_estrato,no,
2026-05,12320254,05021311212000024000000000U6,GRUPO CELEMANIA MILL,GRUPO CELEMANIA MILL,GRUPO CELEMANIA MILL,311212,Elaboración de harina de trigo,31 a 50 personas,31,25550,05,Coahuila de Zaragoza,021,Nadadores,Las Flores (Estación Celemania),LAS FLORES CELEMANIA,CAMINO A HUIZACHAL,,harina.miller.com.mx,WWW.HARINAMILLER.COM.MX,27.0453508,-101.6896509,2026-04,,101,pendiente_rescate,no,
2026-05,6299331,05022312111000017001008191S1,BEBIDAS MUNDIALES SUC. 3342 PIEDRAS NEGRAS,BEBIDAS MUNDIALES,BEBIDAS MUNDIALES,312111,Elaboración de refrescos y otras bebidas no alcohólicas,251 y más personas,251,26170,05,Coahuila de Zaragoza,022,Nava,Clave Economica,TRAMPO PIEDRAS NEGRAS,NINGUNO,,,,28.6030809,-100.57942235,2010-07,,51,piso_estrato,no,
2026-05,6301888,05022312120000017000000000U2,COMPAÑIA CERVECERA DE COAHUILA,COMPAÑIA CERVECERA DE COAHUILA,COMPANIA CERVECERA DE COAHUILA,312120,Elaboración de cerveza,251 y más personas,251,26170,05,Coahuila de Zaragoza,022,Nava,Clave Economica,RIO ESCONDIDO,MONCLOVA PIEDRAS NEGRAS,,cbrands.com,,28.5789733,-100.60332085,2014-12,,51,piso_estrato,no,
2026-05,12288279,05024312131000124000000000U9,CASA NAUFRAGO,CASA NAUFRAGO,CASA NAUFRAGO,312131,Elaboración de bebidas alcohólicas a base de uva,31 a 50 personas,31,27987,05,Coahuila de Zaragoza,024,Parras,Parras de la Fuente,LOS HOYOS,7 DE ENERO,424,casanaufrago.com,WWW.CASANAUFRAGO.COM,25.44355226,-102.16365333,2026-04,,51,pendiente_rescate,no,
2026-05,12288278,05024312131000115000000000U7,VINICOLA PARVADA,VINICOLA PARVADA,VINICOLA PARVADA,312131,Elaboración de bebidas alcohólicas a base de uva,51 a 100 personas,51,27987,05,Coahuila de Zaragoza,024,Parras,Parras de la Fuente,PARRAS,NINGUNO,91,,WWW.VINOSPARVADA.COM,25.44679203,-102.15436671,2026-04,,51,piso_estrato,no,
2026-05,6301177,05027311110000013000000000U2,PLANTA DE ALIMENTOS DIVISION NORTE,BACHOCO,BACHOCO,311110,Elaboración de alimentos para animales,31 a 50 personas,31,25908,05,Coahuila de Zaragoza,027,Ramos Arizpe,Curva Santa María,360,MONTE,,bachoco.net,,25.58272884,-100.88792571,2010-07,,101,pendiente_rescate,no,
2026-05,6300254,05030311613000074003000000U1,EMPACADORA ALANIS,EMPACADORA ALANIS,EMPACADORA ALANIS,311613,"Preparación de embutidos y otras conservas de carne de ganado, aves y otros animales comestibles",251 y más personas,251,25900,05,Coahuila de Zaragoza,027,Ramos Arizpe,Ramos Arizpe,SALTILLO-RAMOS ARIZPE,PARQUE INDUSTRIAL,3000,alanisalimentos.mx,,25.55713184,-100.92724201,2014-12,,101,piso_estrato,no,
2026-05,6301695,05027311213000011002006782S8,MINSA NORESTE,MINSA COMERCIAL,MINSA COMERCIAL,311213,Elaboración de harina de maíz,251 y más personas,251,25900,05,Coahuila de Zaragoza,027,Ramos Arizpe,Ramos Arizpe,RAMOS ARIZPE,INDUSTRIAL METALÚRGICA,5000,minsa.com.mx,MINSA.COM.MX,25.56413572,-100.94177873,2010-07,,101,piso_estrato,no,
2026-05,6785674,05027311820000015002007291S1,PRODUCTOS ALIMENTICIOS LA MODERNA RAMOS ARIZPE,PRODUCTOS ALIMENTICIOS LA MODERNA,PRODUCTOS ALIMENTICIOS LA MODERNA,311820,Elaboración de galletas y pastas para sopa,251 y más personas,251,25900,05,Coahuila de Zaragoza,027,Ramos Arizpe,Ramos Arizpe,RAMOS ARIZPE,ISIDRO LOPEZ ZERTUCHE,1750,lamoderna.com.mx,WWW.LAMODERNA.COM.MX,25.51708006,-100.96325517,2017-03,,101,piso_estrato,no,
2026-05,6301896,05028311422000027000000000U9,AVOMEX INTERNATIONAL,AVOMEX INTERNATIONAL,AVOMEX INTERNATIONAL,311422,Conservación de frutas y verduras por procesos distintos a la congelación y la deshidratación,251 y más personas,251,26739,05,Coahuila de Zaragoza,028,Sabinas,Sabinas,LOS PINOS,ANDRÉS FLORES,,avomexint.com,,27.86746902,-101.11873059,2010-07,,101,piso_estrato,no,
2026-05,6299572,05028311212000015000001805M9,MOLINOS DEL FENIX SA,MOLINOS DEL FENIX,MOLINOS DEL FENIX,311212,Elaboración de harina de trigo,51 a 100 personas,51,26780,05,Coahuila de Zaragoza,028,Sabinas,Sabinas,ZONA CENTRO,5 DE MAYO,224,lamoderna.com.mx,,27.8506426,-101.1202406,2010-07,,101,pendiente_rescate,no,
2026-05,7682779,05030467114001331011000000U5,AGRICOLA GAPA,AGRICOLA GAPA,AGRICOLA GAPA,311110,Elaboración de alimentos para animales,51 a 100 personas,51,25000,05,Coahuila de Zaragoza,030,Saltillo,Saltillo,TOPOCHICO,FERMIN ESPINOZA ARMILLITA,2,,,25.43317459,-100.98425815,2019-11,,101,pendiente_rescate,no,
2026-05,12333496,05030311993000104000000000U2,ALCEGA INDUSTRIAS,ALCEGA INDUSTRIAS,ALCEGA INDUSTRIAS,311993,Elaboración de alimentos frescos para consumo inmediato,31 a 50 personas,31,77777,05,Coahuila de Zaragoza,030,Saltillo,Saltillo,CENTRO CIUDAD AGCIA PTE,GUADALUPE VICTORIA,147,,,25.42456278,-101.00698945,2026-04,,101,pendiente_rescate,no,
2026-05,6300088,05030311614000015003000000U2,ALFINO,ALIMENTOS FINOS DEL NORTE,ALIMENTOS FINOS DEL NORTE,311910,Elaboración de botanas,251 y más personas,251,25220,05,Coahuila de Zaragoza,030,Saltillo,Saltillo,VIRREYES,ISIDRO LÓPEZ ZERTUCHE,4469,evansfood.com,,25.47116538,-100.9875325,2010-07,,101,piso_estrato,no,
2026-05,260553,05030312113000022001000000U0,BANCO DE HIELO,BANCO DE HIELO,BANCO DE HIELO,312113,Elaboración de hielo,31 a 50 personas,31,25210,05,Coahuila de Zaragoza,030,Saltillo,Saltillo,SANTIAGO,PRIVADAS DE SANTIAGO,6381,,,25.47933071,-100.97526493,2014-12,,51,pendiente_rescate,no,
2026-05,6231558,05030312112000406001008191S7,BEBIDAS MUNDIALES SUC. 1164 PTA AGUA Y HIELO,BEBIDAS MUNDIALES,BEBIDAS MUNDIALES,312111,Elaboración de refrescos y otras bebidas no alcohólicas,51 a 100 personas,51,25020,05,Coahuila de Zaragoza,030,Saltillo,Saltillo,SAN JOSE DE LOS CERRITOS,LOS FUNDADORES,6659,,,25.43369452,-100.92752802,2010-07,,51,piso_estrato,no,
2026-05,9274315,05030311910000411001058886M7,SNACKER,BOMESA,BOMESA,311910,Elaboración de botanas,101 a 250 personas,101,25107,05,Coahuila de Zaragoza,030,Saltillo,Saltillo,NAZARIO ORTIZ GARZA,VITO ALESSIO ROBLES,5615,snacker.com.mx,,25.48448524,-100.98862037,2020-11,,101,piso_estrato,no,
2026-05,12333089,05030311612000096000000000U6,COMERCIALIZADORA OVIGOM,COMERCIALIZADORA OVIGOM,COMERCIALIZADORA OVIGOM,311612,"Corte y empacado de carne de ganado, aves y otros animales comestibles",101 a 250 personas,101,25114,05,Coahuila de Zaragoza,030,Saltillo,Saltillo,SALTILLO 200,TORRE EIFFEL,400,,,25.46743533,-101.0195586,2026-04,,101,piso_estrato,no,
2026-05,9445076,05030312113000055000099645M0,FABRICA DE HIELO APODACA SUCURSAL SALTILLO,FABRICA DE HIELO APODACA,FABRICA DE HIELO APODACA,312113,Elaboración de hielo,51 a 100 personas,51,25210,05,Coahuila de Zaragoza,030,Saltillo,Saltillo,PRIVADAS DE SANTIAGO,PRIVADAS DE SANTIAGO,6381,aguafria.mx,WWW.AGUAFRIA.MX,25.4791149,-100.97473298,2023-11,,51,piso_estrato,no,
2026-05,6198738,05030311520000521001008152S8,HELADOS SULTANA,HELADOS SULTANA DE MONTERREY,HELADOS SULTANA DE MONTERREY,311520,Elaboración de helados y paletas,101 a 250 personas,101,25100,05,Coahuila de Zaragoza,030,Saltillo,Saltillo,PRIVADAS DE ARAGÓN,JOS MUSA DE LEN,951,,,25.45601485,-100.96670009,2010-07,,51,piso_estrato,si,"cadena de puntos de venta: 10 sitios, 9 en ZM Monterrey, estrato identico 101, sin marca de planta, en colonia"
2026-05,6300780,05030311611000016001000000U6,RASTRO MUNICIPAL DE SALTILLO,MAQUILADOR Y EXPORTADOR DE CARNES,MAQUILADOR Y EXPORTADOR DE CARNES,311611,"Matanza de ganado, aves y otros animales comestibles",31 a 50 personas,31,25084,05,Coahuila de Zaragoza,030,Saltillo,Saltillo,UAAAN (BUENAVISTA),CARRETERA A CONCEPCION DEL ORO ZACATECAS,,gmail.com,,25.34892953,-101.02401312,2010-07,,101,pendiente_rescate,no,
2026-05,6300227,05030311212000017001001805S1,MOLINOS DEL FENIX,MOLINOS DEL FENIX,MOLINOS DEL FENIX,311212,Elaboración de harina de trigo,101 a 250 personas,101,25000,05,Coahuila de Zaragoza,030,Saltillo,Saltillo,ZONA CENTRO,EMILIO CARRANZA,,lamoderna.com.mx,,25.42405466,-101.01156465,2010-07,,101,piso_estrato,no,
2026-05,9392335,05027311212000025000001805S0,MOLINOS DEL FENIX,MOLINOS DEL FENIX,MOLINOS DEL FENIX,311212,Elaboración de harina de trigo,51 a 100 personas,51,25900,05,Coahuila de Zaragoza,030,Saltillo,Saltillo,SANTA MARÍA,ISIDRO LÓPEZ ZERTUCHE,1750,lamoderna.com.mx,,25.44110251,-101.0020998,2023-11,,101,pendiente_rescate,no,
2026-05,6301720,05030311110000011002010295S0,PLANTA DE ALIMENTOS SALTILLO,PILGRIM S PRIDE,PILGRIM S PRIDE,311110,Elaboración de alimentos para animales,51 a 100 personas,51,25175,05,Coahuila de Zaragoza,030,Saltillo,Saltillo,LA CENTRAL,LUIS ECHEVERRÍA,,pilgrims.com,WWW.PILGRIMS.COM,25.45252951,-101.00238965,2010-07,,101,pendiente_rescate,no,
2026-05,6300082,05030311340000157000000000U4,PRODUCTOS INDUSTRIALIZADOS DE SALTILLO,PRODUCTOS INDUSTRIALIZADOS DE SALTILLO,PRODUCTOS INDUSTRIALIZADOS DE SALTILLO,311340,"Elaboración de dulces, chicles y productos de confitería que no sean de chocolate",251 y más personas,251,25114,05,Coahuila de Zaragoza,030,Saltillo,Saltillo,PARQUE INDUSTRIAL LAS TORRES,LAS TORRES,,pissacorp.com,,25.45414895,-101.01325685,2010-07,,101,piso_estrato,no,
2026-05,9318277,05030311910000104000002570S6,SABRITAS PLANTA COAHUILA,SABRITAS,SABRITAS,311910,Elaboración de botanas,251 y más personas,251,25114,05,Coahuila de Zaragoza,030,Saltillo,Saltillo,LAS TORRES,LAS TORRES,,pepsico.com,,25.44939732,-101.01930948,2020-11,,101,piso_estrato,no,
2026-05,6512913,05030311513000097001005838S4,SIGMA ALIMENTOS LACTEOS,SIGMA ALIMENTOS LACTEOS,SIGMA ALIMENTOS LACTEOS,311513,Elaboración de derivados y fermentos lácteos,101 a 250 personas,101,25290,05,Coahuila de Zaragoza,030,Saltillo,Saltillo,AVICOLA,HÉCTOR SAUCEDO,1824,sigma-alimentos.com,,25.42900912,-100.96895711,2016-01,,51,piso_estrato,no,
2026-05,6300801,05030311910000125002000000U1,SUKY BOTANAS Y GOLOSINAS,SUKY BOTANAS Y GOLOSINAS,SUKY BOTANAS Y GOLOSINAS,311910,Elaboración de botanas,51 a 100 personas,51,25019,05,Coahuila de Zaragoza,030,Saltillo,Saltillo,NUEVA IMAGEN,AGUA NUEVA,569,hotmail.com,,25.39448311,-100.9602609,2010-07,,101,pendiente_rescate,no,
2026-05,7436363,05030311910000272001000000U1,VENTA DE BOTANAS PEPEWATES,VENTA DE BOTANAS PEPEWATES,VENTA DE BOTANAS PEPEWATES,311910,Elaboración de botanas,51 a 100 personas,51,25030,05,Coahuila de Zaragoza,030,Saltillo,Saltillo,GONZÁLEZ CEPEDA,FRANCISCO ZARCO,1677,gmail.com,WWW.PEPEWATES.COM.MX,25.41064375,-100.98703221,2019-11,,101,pendiente_rescate,no,
2026-05,6299502,05035431199000053010005613S9,AGYDSA,ACEITES GRASAS Y DERIVADOS,ACEITES GRASAS Y DERIVADOS,311222,Elaboración de aceites y grasas vegetales comestibles,31 a 50 personas,31,27148,05,Coahuila de Zaragoza,035,Torreón,Torreón,AMPLEACION LOS ANGELES,CALLE RAYON NORTE,560,hotmail.com,AGYDSA.NET,25.54704386,-103.45041988,2010-07,,101,pendiente_rescate,no,
2026-05,6256207,05035312111000027000008191S2,BEBIDAS MUNDIALES SUC. 2216 PLANTA SAN AGUSTIN,BEBIDAS MUNDIALES,BEBIDAS MUNDIALES,312111,Elaboración de refrescos y otras bebidas no alcohólicas,251 y más personas,251,27019,05,Coahuila de Zaragoza,035,Torreón,Torreón,TORREON,JUAN F. BRITTINGHAM,100,,WWW.ARCACONTAL.COM,25.5898105,-103.3875917,2010-07,,51,piso_estrato,no,
2026-05,6732656,05035311612000043001061778M7,CARNES FINAS EL EDEN LAGUNERO,CARNES FINAS EL EDEN LAGUNERO,CARNES FINAS EL EDEN LAGUNERO,311612,"Corte y empacado de carne de ganado, aves y otros animales comestibles",31 a 50 personas,31,27030,05,Coahuila de Zaragoza,035,Torreón,Torreón,BOCANEGRA,ABASTOS,200,carnesfinaselanden.com.mx,WWW.CARNESFINASELANDEN.COM.MX,25.55702315,-103.4208691,2016-10,,101,pendiente_rescate,no,
2026-05,6255615,05035312120000017000001661S4,CERVECERÍA MODELO DE TORREÓN,CERVECERIA MODELO DE TORREON,CERVECERIA MODELO DE TORREON,312120,Elaboración de cerveza,251 y más personas,251,27060,05,Coahuila de Zaragoza,035,Torreón,Torreón,NUEVO TORERON,37 NORTE,300,ab-inbev.com,WWW.GRUPOMODELO.COM,25.5441237,-103.40879087,2010-07,,51,piso_estrato,no,
2026-05,6299861,05035311212000016000016146M2,COMPAÑIA HARINERA DE LA LAGUNA,CIA HARINERA DE LA LAGUNA,CIA HARINERA DE LA LAGUNA,311212,Elaboración de harina de trigo,101 a 250 personas,101,27050,05,Coahuila de Zaragoza,035,Torreón,Torreón,SAN MARCOS,PROLONGACIÓN 39 CALLE SALTILLO 400,,grupoharinas.mx,WWW.GRUPOHARINAS.COM.MX,25.5477972,-103.4062014,2010-07,,101,piso_estrato,no,
2026-05,6713946,05035311812002353001059929M4,PASTELERIA LETY,COMERCIALIZADORA DE ALIMENTOS DE CALIDAD LETY,COMERCIALIZADORA DE ALIMENTOS DE CALIDAD LETY,311811,Panificación industrial,31 a 50 personas,31,27278,05,Coahuila de Zaragoza,035,Torreón,Torreón,ORIENTE,AGROINDUSTRIAS,,pastelerialety.com,WWW.PASTELERIALETY.COM,25.53023784,-103.37012362,2016-01,,101,pendiente_rescate,no,
2026-05,11732470,05035311513000307000004530S6,PLANTA TORREON YOGURTH,COMERCIALIZADORA DE LACTEOS Y DERIVADOS,COMERCIALIZADORA DE LACTEOS Y DERIVADOS,311513,Elaboración de derivados y fermentos lácteos,251 y más personas,251,27019,05,Coahuila de Zaragoza,035,Torreón,Torreón,CIUDAD INDUSTRIAL,ROBERTO DÁVILA,50,grupolala.com,WWW.LALA.COM.MX,25.58095125,-103.39071067,2025-04,,51,piso_estrato,no,
2026-05,11774523,05035311511000077000004530S9,PLANTA TORREON PASTEURIZADORA,COMERCIALIZADORA DE LACTEOS Y DERIVADOS,COMERCIALIZADORA DE LACTEOS Y DERIVADOS,311511,Elaboración de leche líquida,251 y más personas,251,27019,05,Coahuila de Zaragoza,035,Torreón,Torreón,CIUDAD INDUSTRIAL,ROBERTO DÁVILA,50,grupolala.com,WWW.LALA.COM.MX,25.58093639,-103.39071775,2025-04,,51,piso_estrato,no,
2026-05,11812609,05035311511000067000004530S0,PLANTA TORREON UHT,COMERCIALIZADORA DE LACTEOS Y DERIVADOS,COMERCIALIZADORA DE LACTEOS Y DERIVADOS,311511,Elaboración de leche líquida,251 y más personas,251,27019,05,Coahuila de Zaragoza,035,Torreón,Torreón,CIUDAD INDUSTRIAL,ROBERTO DÁVILA,50,grupolala.com,WWW.LALA.COM.MX,25.5809634,-103.39070488,2025-04,,51,piso_estrato,no,
2026-05,6256056,05035311513000127000004530S8,PLANTA TORREON QUESOS,COMERCIALIZADORA DE LACTEOS Y DERIVADOS,COMERCIALIZADORA DE LACTEOS Y DERIVADOS,311513,Elaboración de derivados y fermentos lácteos,251 y más personas,251,27019,05,Coahuila de Zaragoza,035,Torreón,Torreón,CIUDAD INDUSTRIAL,ROBERTO DAVILA,50,grupolala.com,WWW.LALA.COM.MX,25.58093518,-103.39071832,2014-12,,51,piso_estrato,no,
2026-05,9451180,05035311110000134000000000U9,COWS R US VENTA DE ALIMENTOS PARA ANIMALES Y MEDICAMENTOS VETERINARIOS,COWS R US,COWS R US,311110,Elaboración de alimentos para animales,31 a 50 personas,31,27107,05,Coahuila de Zaragoza,035,Torreón,Torreón,EL RANCHITO,CENTENARIO,277,gmail.com,,25.59943182,-103.36525157,2023-11,,101,pendiente_rescate,no,
2026-05,12288256,05035312120000075000000000U2,GRUPO MODELO MEXICO BODEGA,DISTRIBUIDORA DE CERVEZAS MODELO EN EL NORTE,DISTRIBUIDORA DE CERVEZAS MODELO EN EL NORTE,312120,Elaboración de cerveza,31 a 50 personas,31,27088,05,Coahuila de Zaragoza,035,Torreón,Torreón,PLAN DE SAN LUIS,AVENIDA SEGUNDA,,,,25.540526,-103.37542895,2026-04,,51,pendiente_rescate,no,
2026-05,6808779,05035311423000016102000000U5,EMPACADORA FRAPE,EMPACADORA FRAPE,EMPACADORA FRAPE,311423,Conservación de guisos y otros alimentos preparados por procesos distintos a la congelación,101 a 250 personas,101,27408,05,Coahuila de Zaragoza,035,Torreón,Torreón,FERROPUERTO,CARRETERA A MIELERAS,200,comidacomal.com,WWW.GRUPOBJ.COM.MX,25.48156554,-103.35515525,2017-11,,101,piso_estrato,no,
2026-05,6300262,05035311923000026000038390M3,GENERAL DE SOLUBLES,GENERAL DE SOLUBLES,GENERAL DE SOLUBLES,311923,Elaboración de café instantáneo,101 a 250 personas,101,27019,05,Coahuila de Zaragoza,035,Torreón,Torreón,TORREON,ALFONSO GÓMEZ TORRES,219,gesol.com.mx,WWW.GESOL.COM.MX,25.58752108,-103.39218101,2010-07,,101,piso_estrato,no,
2026-05,6299692,05035311612000027001001532M0,CARNES MUMA,IMPULSORA DE BIENES ALAMEDA,IMPULSORA DE BIENES ALAMEDA,311612,"Corte y empacado de carne de ganado, aves y otros animales comestibles",251 y más personas,251,27019,05,Coahuila de Zaragoza,035,Torreón,Torreón,INDUSTRIAL TORREON,AURELIO ANAYA PÉREZ,250,carnesmuma.com.mx,WWW.CARNESMUMA.COM.MX,25.58814297,-103.38964053,2010-07,,101,piso_estrato,no,
2026-05,9436668,05035311110000143001000000U0,INTERCISA,INTERCISA DIVISION PREMEZCLAS,INTERCISA DIVISION PREMEZCLAS,311110,Elaboración de alimentos para animales,31 a 50 personas,31,27019,05,Coahuila de Zaragoza,035,Torreón,Torreón,DE TORREON,ADOLFO AYMES,155,intersisa.com.mx,,25.58750279,-103.39681683,2023-11,,101,pendiente_rescate,no,
2026-05,6429033,05035311513000082001000000U5,JOCOQUES LA VAQUITA DE MEXICO,JOCOQUES LA VAQUITA DE MEXICO,JOCOQUES LA VAQUITA DE MEXICO,311513,Elaboración de derivados y fermentos lácteos,31 a 50 personas,31,27019,05,Coahuila de Zaragoza,035,Torreón,Torreón,TORREON,AMELIA,1042,gmail.com.mx,WWW.LAVAQUITADEMEXICO.COM.MX,25.58916637,-103.38473333,2010-07,,51,pendiente_rescate,no,
2026-05,6732476,05035311611000055002000000U3,"MATANZA DE GANADO, AVES Y OTROS ANIMALES COMESTIBLES SIN NOMBRE","MATANZA DE GANADO, AVES Y OTROS ANIMALES COMESTIBLES SIN NOMBRE",MATANZA DE GANADO AVES Y OTROS ANIMALES COMESTIBLES SIN NOMBRE,311611,"Matanza de ganado, aves y otros animales comestibles",251 y más personas,251,27404,05,Coahuila de Zaragoza,035,Torreón,Mieleras,MIELERAS,LOCALIDAD MIELERAS,,cemlagunameat.com,,25.48670124,-103.3412119,2016-10,,101,piso_estrato,no,
2026-05,6419539,05035311340000021002041781S1,PLANTA TORREON,MONDELEZ MEXICO,MONDELEZ MEXICO,311340,"Elaboración de dulces, chicles y productos de confitería que no sean de chocolate",101 a 250 personas,101,27050,05,Coahuila de Zaragoza,035,Torreón,Torreón,COLONIA AVIACIN,SALTILLO 400,552,,WWW.BARCEL.COM.MX,25.54675609,-103.40570574,2010-07,,101,piso_estrato,no,
2026-05,12333038,05035311513000324000000000U1,POLYMERALS,POLYMERALS,POLYMERALS,311513,Elaboración de derivados y fermentos lácteos,31 a 50 personas,31,27297,05,Coahuila de Zaragoza,035,Torreón,El Mostrenco (Euskal),PYMES FERROPUERTO,SAN PEDRO,480,polymerals.com,WWW.POLYMERALS.COM,25.45642953,-103.34706265,2026-04,,51,pendiente_rescate,no,
2026-05,12320240,05035311110000244000000000U6,PRODUCTORA AGROPECUARIA LAS NOAS,PRODUCTORA AGROPECUARIA LAS NOAS,PRODUCTORA AGROPECUARIA LAS NOAS,311110,Elaboración de alimentos para animales,31 a 50 personas,31,27410,05,Coahuila de Zaragoza,035,Torreón,La Partida,LA PARTIDA,LA PARTIDA,,,,25.59263537,-103.30207054,2026-04,,101,pendiente_rescate,no,
2026-05,6255435,05035311611000025002000000U6,PROCARNE,PRODUCTORES DE CARNE DE ENGORDA,PRODUCTORES DE CARNE DE ENGORDA,311611,"Matanza de ganado, aves y otros animales comestibles",251 y más personas,251,27350,05,Coahuila de Zaragoza,035,Torreón,Torreón,COMPRESORA,NINGUNO,154,procarne.com.mx,,25.53247309,-103.46521525,2010-07,,101,piso_estrato,no,
2026-05,302703,05035311520000263001000000U6,HELADOS DASS,PRODUCTOS DASS,PRODUCTOS DASS,311520,Elaboración de helados y paletas,31 a 50 personas,31,27019,05,Coahuila de Zaragoza,035,Torreón,Torreón,INDUSTRIAL,ALBERTO N SWAIN,240,productosdass.com,WWW.DASS.COM.MX,25.58781455,-103.3866268,2010-07,,51,pendiente_rescate,no,
2026-05,305310,05035115113000044002019475M5,PROMANUEZ MATRIZ,PROMANUEZ,PROMANUEZ,311910,Elaboración de botanas,101 a 250 personas,101,27100,05,Coahuila de Zaragoza,035,Torreón,Torreón,SANTA MARIA,CUITLÁHUAC,1897,promanuez.com.mx,WWW.PROMANUEZ.COM.MX,25.55687197,-103.42466769,2010-07,,101,piso_estrato,no,
2026-05,6368223,19004311422000014002000000U2,JUGUERA ALLENDE,JUGUERA ALLENDE,JUGUERA ALLENDE,311930,"Elaboración de concentrados, polvos, jarabes y esencias de sabor para bebidas",101 a 250 personas,101,67350,19,Nuevo León,004,Allende,Ciudad de Allende,OJO DE AGUA (SECCIÓN EL CERRITO),NINGUNO,25,jugueraalende.com,WWW.JUGUERAAALENDE.COM,25.292775,-100.01261609,2010-07,,101,piso_estrato,no,
2026-05,6371274,19004311110000011000009000S9,UNIDAD AVICOLA DE ALLENDE,UNIDAD AVICOLA DE ALLENDE,UNIDAD AVICOLA DE ALLENDE,311110,Elaboración de alimentos para animales,31 a 50 personas,31,67350,19,Nuevo León,004,Allende,Allende [Unidad Avícola],BUENA VISTA,NINGUNO,,outlook.com,,25.27839829,-99.9869555,2010-07,,101,pendiente_rescate,no,
2026-05,6367310,19005115210000011001061214M2,DESARROLLO DE ENGORDAS ESTABULADAS,DESARROLLO DE ENGORDAS ESTABULADAS,DESARROLLO DE ENGORDAS ESTABULADAS,311611,"Matanza de ganado, aves y otros animales comestibles",251 y más personas,251,64510,19,Nuevo León,005,Anáhuac,Anáhuac,INDEPENDENCIA,CALLE DE LOS ANDES,700,denes.com.mx,WWW.DENES.COM,27.22758925,-100.14095127,2014-12,,101,piso_estrato,no,
2026-05,6761753,19005311613000011001008173S9,QUALTIA ALIMENTOS OPERACIONES PTA ANÁHUAC,QUALTIA ALIMENTOS OPERACIONES,QUALTIA ALIMENTOS OPERACIONES,311613,"Preparación de embutidos y otras conservas de carne de ganado, aves y otros animales comestibles",51 a 100 personas,51,65030,19,Nuevo León,005,Anáhuac,Anáhuac,CENTRO,NOGAL,111,qualtia.com,WWW.QUALTIA.COM.MX,27.24315925,-100.13591925,2016-10,,101,pendiente_rescate,no,
2026-05,12333107,19006311613000135000000000U4,AREM ALIMENTOS,ALIMENTOS AREM,ALIMENTOS AREM,311613,"Preparación de embutidos y otras conservas de carne de ganado, aves y otros animales comestibles",51 a 100 personas,51,66647,19,Nuevo León,006,Apodaca,Campestre Huinalá,ACCADIA,CARRETERA A VILLA JUAREZ,,alimentosarem.com,,25.7236719,-100.14068017,2026-04,,101,pendiente_rescate,no,
2026-05,12333498,19006311993000024000000000U6,ALTERNATIVA ALIMENTARIA,ALTERNATIVA ALIMENTARIA,ALTERNATIVA ALIMENTARIA,311993,Elaboración de alimentos frescos para consumo inmediato,31 a 50 personas,31,66605,19,Nuevo León,006,Apodaca,Ciudad Apodaca,NOVA APODACA,JALISCO,820,alimentoslee.com,WWW.ALIMENTOSLEE.COM,25.78953128,-100.18090382,2026-04,,101,pendiente_rescate,no,
2026-05,11538811,19006311520000375000000000U3,AWESOME FOODS,AWESOME FOODS,AWESOME FOODS,311520,Elaboración de helados y paletas,51 a 100 personas,51,66627,19,Nuevo León,006,Apodaca,Ciudad Apodaca,PARQUE INDUSTRIAL AGUA FRÍA,NINGUNO,7,afoods.mx,WWW.AFOODS.MX,25.78394643,-100.1723559,2024-11,,51,piso_estrato,no,
2026-05,6801288,19006312111000067002011308S3,PLANTA APODACA,BEBIDAS PURIFICADAS,BEBIDAS PURIFICADAS,312111,Elaboración de refrescos y otras bebidas no alcohólicas,251 y más personas,251,66603,19,Nuevo León,006,Apodaca,Ciudad Apodaca,PARQUE INDUSTRIAL MONTERREY,PARQUE INDUSTRIAL MONTERREY,400,gepp.com,WWW.GEPP.COM.MX,25.77157272,-100.16825468,2017-11,,51,piso_estrato,no,
2026-05,12333471,19006311940000094000000000U0,CAMPUS ITALIA DE MEXICO,CAMPUS ITALIA DE MEXICO,CAMPUS ITALIA DE MEXICO,311940,Elaboración de condimentos y aderezos,31 a 50 personas,31,66629,19,Nuevo León,006,Apodaca,Ciudad Apodaca,VINMSA,SEGUNDA AVENIDA,7,dsm-firmenich.com,WWW.DSM-FIRMENICHCOM,25.78791241,-100.13362226,2026-04,,101,pendiente_rescate,no,
2026-05,6366684,19006311910000045003000000U5,DELIKOS,DELIKOS,DELIKOS,311910,Elaboración de botanas,51 a 100 personas,51,66600,19,Nuevo León,006,Apodaca,Ciudad Apodaca,PARQUE INDUSTRIAL APODACA,ANDRÉS GUAJARDO,340,delikos.mx,,25.77200802,-100.18244798,2010-07,,101,pendiente_rescate,no,
2026-05,2943480,19006311613000034001000000U9,CHORIZO LOS REYES,EMPACADORA SAMAGO,EMPACADORA SAMAGO,311613,"Preparación de embutidos y otras conservas de carne de ganado, aves y otros animales comestibles",51 a 100 personas,51,66634,19,Nuevo León,006,Apodaca,Ciudad Apodaca,PARQUE INDUSTRIAL J.M.,RR,308,e-samago.com,WWW.E-SAMAGO.COM,25.74067225,-100.21704896,2014-12,,101,pendiente_rescate,no,
2026-05,6366316,19006434111000025000009072M4,FORRAJERA ELIZONDO,FORRAJERA ELIZONDO,FORRAJERA ELIZONDO,311110,Elaboración de alimentos para animales,51 a 100 personas,51,66600,19,Nuevo León,006,Apodaca,Ciudad Apodaca,CABECERA MUNICIPAL (APODACA),CARLOS SALINAS DE GORTARI,600,forrajeraelizondo.com.mx,,25.77477784,-100.18892171,2010-07,,101,pendiente_rescate,no,
2026-05,6421017,19006311520000103000008152S9,HELADOS SULTANA LA CONCORDIA,HELADOS SULTANA DE MONTERREY,HELADOS SULTANA DE MONTERREY,311520,Elaboración de helados y paletas,101 a 250 personas,101,66612,19,Nuevo León,006,Apodaca,Ciudad Apodaca,BOSQUE REAL SEGUNDO SECTOR,BANO SUR ORIENTE,1400,,,25.78491133,-100.24481489,2010-07,,51,piso_estrato,si,"cadena de puntos de venta: 10 sitios, 9 en ZM Monterrey, estrato identico 101, sin marca de planta, en colonia"
2026-05,6421019,19006311520000072000008152S6,HELADOS SULTANA MOLL APODACA,HELADOS SULTANA DE MONTERREY,HELADOS SULTANA DE MONTERREY,311520,Elaboración de helados y paletas,101 a 250 personas,101,66358,19,Nuevo León,006,Apodaca,Ciudad Apodaca,ANTIGUA SANTA ROSA,LA CONCORDIA,5000,,,25.78410426,-100.22606655,2010-07,,51,piso_estrato,si,punto de venta: plaza comercial (MOLL)
2026-05,6366571,19006311422000016020098075S2,PLANTA NUEVO LEON,JUGOS DEL VALLE,JUGOS DEL VALLE,311422,Conservación de frutas y verduras por procesos distintos a la congelación y la deshidratación,101 a 250 personas,101,66603,19,Nuevo León,006,Apodaca,Ciudad Apodaca,APODACA,ANDRÉS GUAJARDO,330,jvalle.com.mx,WWW.JUGOSDELVALLE.COM.MX,25.77228088,-100.18287377,2010-07,,101,piso_estrato,no,
2026-05,6366649,19039311811000067100021579M0,MISSION FOODS MEXICO,MISSION FOODS MEXICO,MISSION FOODS MEXICO,311811,Panificación industrial,251 y más personas,251,66607,19,Nuevo León,006,Apodaca,Ciudad Apodaca,EX-HACIENDA SANTA ROSA,PROFESOR HUMBERTO RAMOS LOZANO,882,gruma.com,,25.80199514,-100.20583234,2010-07,,101,piso_estrato,no,
2026-05,6353186,19026311212000045001007209S4,MOLINERA DE MEXICO,MOLINERA DE MEXICO,MOLINERA DE MEXICO,311212,Elaboración de harina de trigo,51 a 100 personas,51,66615,19,Nuevo León,006,Apodaca,Avatares de Apodaca,APODACA,HERACLES,550,molineramx.com,,25.83945916,-100.12832778,2022-11,,101,pendiente_rescate,no,
2026-05,6367120,19006311110000015000009062M5,NUTRIENTES BASICOS DE MONTERREY,NUTRIENTES BASICOS DE MONTERREY,NUTRIENTES BASICOS DE MONTERREY,311110,Elaboración de alimentos para animales,101 a 250 personas,101,66634,19,Nuevo León,006,Apodaca,Ciudad Apodaca,PARQUE INDUSTRIAL MARTEL,CAMINO AL MILAGRO,103,nutrientesbasicos.com,WWW.NUBAM.COM.MX,25.75028558,-100.19027494,2010-07,,101,piso_estrato,no,
2026-05,6366633,19006311612000037000000000U4,PRODUCTORA DE BOCADOS CARNICOS,PRODUCTORA DE BOCADOS CARNICOS,PRODUCTORA DE BOCADOS CARNICOS,311612,"Corte y empacado de carne de ganado, aves y otros animales comestibles",251 y más personas,251,66604,19,Nuevo León,006,Apodaca,Ciudad Apodaca,GRANDPARK APODACA,CARRETERA APODACA SANTA ROSA KM 3,3,proboca.net,WWW.PROBOCA.NET,25.83086797,-100.25074515,2010-07,,101,piso_estrato,no,
2026-05,6368551,19006311910000035001000000U6,PRODUCTOS LA TRADICIONAL,PRODUCTOS TRADICIONAL,PRODUCTOS TRADICIONAL,311910,Elaboración de botanas,101 a 250 personas,101,66600,19,Nuevo León,006,Apodaca,Ciudad Apodaca,HUINALÁ,PADRE MIER,301,tostadasdelicias.com,,25.74501379,-100.167783,2014-12,,101,piso_estrato,no,
2026-05,6366439,19006311940000046002008941M0,PROVEEDORES DE INGENIERIA ALIMENTARIA,PROVEEDORES DE INGENIERIA ALIMENTARIA,PROVEEDORES DE INGENIERIA ALIMENTARIA,311940,Elaboración de condimentos y aderezos,251 y más personas,251,66600,19,Nuevo León,006,Apodaca,Ciudad Apodaca,PARQUE INDUSTRIAL KRONOS,INDUSTRIAS,140,piasa.com,WWW.PIASA.COM,25.77495869,-100.16297797,2010-07,,101,piso_estrato,no,
2026-05,6371942,19006311940000051002008941S0,PROVEEDORES DE INGENIERIA ALIMENTARIA SUCURSAL MIGUEL ALEMAN,PROVEEDORES DE INGENIERIA ALIMENTARIA,PROVEEDORES DE INGENIERIA ALIMENTARIA,311940,Elaboración de condimentos y aderezos,51 a 100 personas,51,66600,19,Nuevo León,006,Apodaca,Ciudad Apodaca,PARQUE INDUSTRIAL KRONOS,INDUSTRIAS,30,piasa.com,WWW.PIASA.COM,25.77493343,-100.16295711,2014-12,,101,pendiente_rescate,no,
2026-05,8813226,19006311613000111000008173S5,QUALTIA ALIMENTOS OPERACIONES BODEGA APODACA,QUALTIA ALIMENTOS OPERACIONES,QUALTIA ALIMENTOS OPERACIONES,311613,"Preparación de embutidos y otras conservas de carne de ganado, aves y otros animales comestibles",51 a 100 personas,51,66940,19,Nuevo León,006,Apodaca,Ciudad Apodaca,LAGRANGE,ANTIGUO CAMINO A APODACA,203,qualtia.com,WWW.QUALTIA.COM.MX,25.70546013,-100.11993524,2019-11,,101,pendiente_rescate,no,
2026-05,6233967,19006311513000053002005838S1,SIGMA ALIMENTOS LACTEOS,SIGMA ALIMENTOS LACTEOS,SIGMA ALIMENTOS LACTEOS,311513,Elaboración de derivados y fermentos lácteos,31 a 50 personas,31,66600,19,Nuevo León,006,Apodaca,Ciudad Apodaca,CENTRO,CARLOS SALINAS DE GORTARI,85,sigma-alimentos.com,,25.757857,-100.21261417,2010-07,,51,pendiente_rescate,no,
2026-05,6446593,19006311613000071021008269S1,CENTRO DE DESARROLLO DE TECNOLOGIA DE SIGMA ALIMENTOS,SIGMA ALIMENTOS NORESTE,SIGMA ALIMENTOS NORESTE,311613,"Preparación de embutidos y otras conservas de carne de ganado, aves y otros animales comestibles",51 a 100 personas,51,66600,19,Nuevo León,006,Apodaca,Parque de Investigación e Inovación Tecnológica (PITT),PARQUE DE INVESTIGACION E INNOVACION TECNOLOGICA,ALIANZA SUR,30,sigma-alimentos.com,,25.76486251,-100.12508029,2014-12,,101,pendiente_rescate,no,
2026-05,6870925,19006311999000071012019654S4,SUCROLIQ,SUCROLIQ,SUCROLIQ,311311,Elaboración de azúcar de caña,31 a 50 personas,31,66648,19,Nuevo León,006,Apodaca,Ciudad Apodaca,PARQUE INDUSTRIAL LA SILLA,INDUSTRIAL,,sucroliq.com,,25.75719261,-100.14206099,2019-04,,101,pendiente_rescate,no,
2026-05,6742220,19006311910000147002016529M9,TOSTADAS Y BOTANAS PREMIUM,TOSTADAS Y BOTANAS PREMIUM,TOSTADAS Y BOTANAS PREMIUM,311910,Elaboración de botanas,251 y más personas,251,66600,19,Nuevo León,006,Apodaca,Ciudad Apodaca,PARQUE INDUSTRIAL REGIO PARQUE,ISIDORO SEPÚLVEDA MARTÍNEZ,585,tybpremium.com,WWW.ELGALLODEORO.COM,25.74119997,-100.2148832,2016-10,,101,piso_estrato,no,
2026-05,9284410,19009311612000041001000000U7,EMPACADORA MS,GRANJA PORCICOLA LA PERSEVERANCIA,GRANJA PORCICOLA LA PERSEVERANCIA,311612,"Corte y empacado de carne de ganado, aves y otros animales comestibles",31 a 50 personas,31,67485,19,Nuevo León,009,Cadereyta Jiménez,Cadereyta Jiménez,EJIDO CADEREYTA,NINGUNO,,hotmail.com,,25.60790328,-99.99875394,2020-11,,101,pendiente_rescate,no,
2026-05,6366912,19009311422000015002000000U8,STAR JUICE,STAR JUICE,STAR JUICE,311422,Conservación de frutas y verduras por procesos distintos a la congelación y la deshidratación,101 a 250 personas,101,67480,19,Nuevo León,009,Cadereyta Jiménez,Cadereyta Jiménez,CENTRO,20 DE NOVIEMBRE,1322,star.com.mx,WWW.STARJUICE.COM.MX,25.57252616,-100.00404388,2011-03,,101,piso_estrato,no,
2026-05,8813124,19039311611000056101039283M7,SUCABRITO,SUCABRITO,SUCABRITO,311611,"Matanza de ganado, aves y otros animales comestibles",251 y más personas,251,67450,19,Nuevo León,009,Cadereyta Jiménez,San José,NINGUNO,VILLA GARCÍA,,sucabrito.com,,25.63345471,-100.03855508,2019-11,,101,piso_estrato,no,
2026-05,6235575,19012311613000021002008861S4,PRODUCTOS ALIMENTICIOS TIA LENCHA SUC CIENEGA DE FLORES,PRODUCTOS ALIMENTICIOS TIA LENCHA,PRODUCTOS ALIMENTICIOS TIA LENCHA,311613,"Preparación de embutidos y otras conservas de carne de ganado, aves y otros animales comestibles",31 a 50 personas,31,65550,19,Nuevo León,012,Ciénega de Flores,Ciénega de Flores,ZONA CENTRO (CABECERA MUNICIPAL),5 DE MAYO,206,tialencha.com,WWW.TIALENCHA.COM,25.95558692,-100.16751284,2014-12,,101,pendiente_rescate,no,
2026-05,6364424,19010311110000016001000000U5,APELSA MONTERREY,APELSA MONTERREY,APELSA MONTERREY,311110,Elaboración de alimentos para animales,101 a 250 personas,101,66550,19,Nuevo León,010,El Carmen,STIVA el Jaral [Parque Industrial],NINGUNO,CARRETERA A MONTERREY MONCLOVA KM 7+500,75,rengra.com.mx,,25.85572669,-100.32544501,2010-07,,101,piso_estrato,no,
2026-05,6861218,19010311614000014000000000U1,MANTECAS E INGREDIENTES,MANTECAS E INGREDIENTES,MANTECAS E INGREDIENTES,311614,Elaboración de manteca y otras grasas animales comestibles,31 a 50 personas,31,66559,19,Nuevo León,010,El Carmen,Carmen,EL CARMEN,NINGUNO,,mantecas.com,WWW.MANTECAS.COM,25.92548315,-100.35008868,2019-04,,101,pendiente_rescate,no,
2026-05,6785857,19018311811000015000000000U0,GALLETERA SANTA MARIA DE GUADALUPE,GALLETERA SANTA MARIA DE GUADALUPE,GALLETERA SANTA MARIA DE GUADALUPE,311820,Elaboración de galletas y pastas para sopa,251 y más personas,251,66000,19,Nuevo León,018,García,García,VILLA DE GARCIA CENTRO,BARDA,700,gcuetara.com.mx,WWW.GCUETARA-.COM.MX,25.77642547,-100.5638298,2017-03,,101,piso_estrato,no,
2026-05,2935999,19018312113000012001000000U0,HIELERA LIBRAMIENTOS,HIELERA INDUSTRIAL LIBRAMIENTO,HIELERA INDUSTRIAL LIBRAMIENTO,312113,Elaboración de hielo,31 a 50 personas,31,66023,19,Nuevo León,018,García,Parque Industrial Ciudad Mitras,COMPLEJO INDUSTRIAL MITRAS PRIMER SECTOR,LIBRAMIENTO NORESTE,1009,,,25.79108163,-100.42820571,2010-07,,51,pendiente_rescate,no,
2026-05,6366652,19039431121000453212008626S1,ABASTECEDORA DE CARNES SAN GABRIEL,ABASTECEDORA DE CARNES SAN GABRIEL,ABASTECEDORA DE CARNES SAN GABRIEL,311612,"Corte y empacado de carne de ganado, aves y otros animales comestibles",101 a 250 personas,101,66080,19,Nuevo León,021,General Escobedo,Ciudad General Escobedo,ANDRES CABALLERO,CARRETERA A MONCLOVA,,sangabriel.mx,,25.83274049,-100.31028315,2010-07,,101,piso_estrato,no,
2026-05,2919066,19021311820000024001000000U0,ALIMENTOS SR NATURAL,ALIMENTOS SR NATURAL,ALIMENTOS SR NATURAL,311820,Elaboración de galletas y pastas para sopa,101 a 250 personas,101,66062,19,Nuevo León,021,General Escobedo,Ciudad General Escobedo,PARQUE INDUSTRIAL ESCOBEDO,CERÁMICA,100,srnatural.com.mx,WWW.SRNATURAL.COM,25.80659944,-100.35497187,2010-07,,101,piso_estrato,no,
2026-05,11263134,19021311940000045000000000U1,ALSA INGREDIENTES,ALSA INGREDIENTES,ALSA INGREDIENTES,311940,Elaboración de condimentos y aderezos,51 a 100 personas,51,66050,19,Nuevo León,021,General Escobedo,Ciudad General Escobedo,VILLAS DE ESCOBEDO DOS,INSURGENTES,45,ingredientesespecializados.com,WWW.ALSAINGREDIENTES.COM,25.77683575,-100.31862123,2024-11,,101,pendiente_rescate,no,
2026-05,12333432,19021311910000157000007454S7,02172 BARCEL PLANTA MONTERREY,BARCEL,BARCEL,311910,Elaboración de botanas,251 y más personas,251,66080,19,Nuevo León,021,General Escobedo,Ciudad General Escobedo,NUEVA CASTILLA,MONTERREY,,,,25.83621767,-100.27260262,2026-04,,101,piso_estrato,no,
2026-05,9458706,19021311423000051001000000U6,DELIPRIME ALIMENTOS,DELIPRIME ALIMENTOS,DELIPRIME ALIMENTOS,311423,Conservación de guisos y otros alimentos preparados por procesos distintos a la congelación,101 a 250 personas,101,66062,19,Nuevo León,021,General Escobedo,Ciudad General Escobedo,PARQUE INDUSTRIAL ESCOBEDO,AUTOMOTRIZ,107,deliprime.com.mx,,25.80468501,-100.34802206,2024-05,,101,piso_estrato,no,
2026-05,6367492,19021311340000044002000000U7,DUL TAM PAVITO,DUL TAM PAVITO,DUL TAM PAVITO,311340,"Elaboración de dulces, chicles y productos de confitería que no sean de chocolate",251 y más personas,251,66062,19,Nuevo León,021,General Escobedo,Ciudad General Escobedo,PARQUE INDUSTRIAL ESCOBEDO,AVENIDA DE LA INDUSTRIA,300,tamarindospavito.com.mx,WWW.TAMARINDOSPAVITO.COM.MX,25.80644511,-100.34964873,2014-12,,101,piso_estrato,no,
2026-05,6365754,19021311999000025013008381M9,TROPHE INGREDIENTES,FRUTIBASES,FRUTIBASES,311940,Elaboración de condimentos y aderezos,251 y más personas,251,66062,19,Nuevo León,021,General Escobedo,Ciudad General Escobedo,PARQUE INDUSTRIAL ESCOBEDO,INDUSTRIA ELÉCTRONICA,107,trophe.mx,WWW.TROPHE.MX,25.80086725,-100.34571069,2010-07,,101,piso_estrato,no,
2026-05,6371902,19021311330000016000000000U6,HERSHEY S,HERSMEX,HERSMEX,311350,Elaboración de chocolate y productos de chocolate,251 y más personas,251,66050,19,Nuevo León,021,General Escobedo,Ciudad General Escobedo,ARCO VIAL,AVENIDA DE LOS CHOCOLATES,201,hersheys.com,,25.82067693,-100.36390146,2011-03,,101,piso_estrato,no,
2026-05,12320302,19021311340000096000000000U7,BEIBI DINOS,JUHER DISTRIBUCIONES,JUHER DISTRIBUCIONES,311340,"Elaboración de dulces, chicles y productos de confitería que no sean de chocolate",101 a 250 personas,101,66057,19,Nuevo León,021,General Escobedo,Ciudad General Escobedo,HACIENDA DE ESCOBEDO,BENITO JUAREZ,500,,,25.79033833,-100.30566925,2026-04,,101,piso_estrato,no,
2026-05,6367049,19021311340000035102000000U5,JUHER DISTRIBUCIONES,JUHER DISTRIBUCIONES,JUHER DISTRIBUCIONES,311340,"Elaboración de dulces, chicles y productos de confitería que no sean de chocolate",101 a 250 personas,101,66050,19,Nuevo León,021,General Escobedo,Ciudad General Escobedo,HACIENDA DE ESCOBEDO,BENITO JUÁREZ,501,juher.com.mx,,25.79054957,-100.3058572,2010-07,,101,piso_estrato,no,
2026-05,6777044,19021311613000025001008173S6,QUALTIA ALIMENTOS OPERACIONES RTE ESCOBEDO,QUALTIA ALIMENTOS OPERACIONES,QUALTIA ALIMENTOS OPERACIONES,311613,"Preparación de embutidos y otras conservas de carne de ganado, aves y otros animales comestibles",31 a 50 personas,31,66055,19,Nuevo León,021,General Escobedo,Ciudad General Escobedo,NEXXUS XXI,NASSAU,113,qualtia.com,WWW.QUALTIA.COM.MX,25.76768086,-100.30961503,2017-03,,101,pendiente_rescate,no,
2026-05,6274428,19025431121000022013010834S3,PLANTA MONTERREY,SUKARNE,SUKARNE,311612,"Corte y empacado de carne de ganado, aves y otros animales comestibles",31 a 50 personas,31,66050,19,Nuevo León,021,General Escobedo,Ciudad General Escobedo,VILLAS DE SAN FRANCISCO,ANILLO PERIFÉRICO,,sukarne.com,WWW.SUKARNE.COM,25.82369006,-100.36251784,2014-12,,101,pendiente_rescate,no,
2026-05,6274396,19021311611000037000010620S5,SUKARNE AGROINDUSTRIAL,SUKARNE AGROINDUSTRIAL,SUKARNE AGROINDUSTRIAL,311611,"Matanza de ganado, aves y otros animales comestibles",251 y más personas,251,66050,19,Nuevo León,021,General Escobedo,Ciudad General Escobedo,ESCOBEDO,LATERAL DE PERIFERICO LIBRAMIENTO NOROESTE A CARR SALTILLO-LAREDO KM 25,,,WWW.SUKARNE.COM,25.82386555,-100.36134498,2014-12,,101,piso_estrato,no,
2026-05,12333479,19021311940000065000000000U9,TROPHE,TROPHE,TROPHE,311940,Elaboración de condimentos y aderezos,51 a 100 personas,51,66062,19,Nuevo León,021,General Escobedo,Ciudad General Escobedo,PARQUE INDUSTRIAL ESCOBEDO,ELECTRONICA,107,trophe.mx,WWW.TROPHE.MX,25.80087698,-100.34571077,2026-04,,101,pendiente_rescate,no,
2026-05,6367312,19022311999000016002000000U6,PROCESADORA DE FRUTAS VALLE DEL PILON,PROCESADORA DE FRUTAS VALLE DEL PILON,PROCESADORA DE FRUTAS VALLE DEL PILON,311422,Conservación de frutas y verduras por procesos distintos a la congelación y la deshidratación,101 a 250 personas,101,67400,19,Nuevo León,022,General Terán,Del Maestro,SANTA ANA VIEJO,CAMINO A SANTA ANA VIEJO KM 1+500,,profrut.com,,25.26948377,-99.69224141,2014-12,,101,piso_estrato,no,
2026-05,6420100,19026311110000045002005206S0,AGRIBRANDS PURINA MEXICO PLANTA MONTERREY,AGRIBRANDS PURINA MEXICO,AGRIBRANDS PURINA MEXICO,311110,Elaboración de alimentos para animales,51 a 100 personas,51,67110,19,Nuevo León,026,Guadalupe,Guadalupe,SAN RAFAEL,RUIZ CORTINEZ,1038,,WWW.NUTRIMENTOSPURINA.COM,25.7043374,-100.20872023,2014-12,,101,pendiente_rescate,no,
2026-05,6863905,19026312111000046001009611S5,BIG COLA,AJEMEX,AJEMEX,312111,Elaboración de refrescos y otras bebidas no alcohólicas,101 a 250 personas,101,67190,19,Nuevo León,026,Guadalupe,Guadalupe,KALOS SANTA CRUZ,JUPETO,801,ajemexconsultores.mx,,25.66928416,-100.15429605,2019-04,,51,piso_estrato,no,
2026-05,6371012,19026312111000027000008191S5,BEBIDAS MUNDIALES SUC. 3322 PTA GUADALUPE,BEBIDAS MUNDIALES,BEBIDAS MUNDIALES,312111,Elaboración de refrescos y otras bebidas no alcohólicas,251 y más personas,251,67170,19,Nuevo León,026,Guadalupe,Guadalupe,EL SABINO,GENERAL LÁZARO CÁRDENAS,1213,,,25.6810982,-100.23048671,2010-07,,51,piso_estrato,no,
2026-05,6228265,19026311910000187000008231M3,BYDSA MATRIZ,BOTANAS Y DERIVADOS,BOTANAS Y DERIVADOS,311910,Elaboración de botanas,251 y más personas,251,67110,19,Nuevo León,026,Guadalupe,Guadalupe,KALOS GUADALUPE,HESTIA,701,bydsa.com,WWW.BYDSA.COM,25.66671779,-100.14779798,2010-07,,101,piso_estrato,no,
2026-05,6366661,19026431121000266021000000U4,CONSORCIO INTERNACIONAL DE CARNES,CONSORCIO INTERNACIONAL DE CARNES,CONSORCIO INTERNACIONAL DE CARNES,311611,"Matanza de ganado, aves y otros animales comestibles",251 y más personas,251,67100,19,Nuevo León,026,Guadalupe,Guadalupe,BRAVO,GENERAL IGNACIO ZARAGOZA,525,carnesviba.com,WWW.CARNESVIBA.COM,25.68245936,-100.25856723,2010-07,,101,piso_estrato,no,
2026-05,11335687,19026311613000135000000000U2,FLAMING CHICKEN,FLAMING CHICKEN,FLAMING CHICKEN,311613,"Preparación de embutidos y otras conservas de carne de ganado, aves y otros animales comestibles",51 a 100 personas,51,67130,19,Nuevo León,026,Guadalupe,Guadalupe,LINDA VISTA,PADRE SEVERIANO MARTINEZ,4317,,WWW.POLLOMATON.COM,25.68981704,-100.25908344,2024-11,,101,pendiente_rescate,no,
2026-05,3006666,19026311940000013010000000U8,GRUPO CHI SO,GRUPO CHI SO,GRUPO CHI SO,311423,Conservación de guisos y otros alimentos preparados por procesos distintos a la congelación,31 a 50 personas,31,67170,19,Nuevo León,026,Guadalupe,Guadalupe,CERRO AZUL,ALMAGUER,204,chiso.com.mx,WWW.ELTORITOREGIO.COM,25.66455392,-100.17435638,2010-07,,101,pendiente_rescate,no,
2026-05,6421020,19026311520000333000008152S0,HELADOS SULTANA RINCON DE LINDA VISTA,HELADOS SULTANA DE MONTERREY,HELADOS SULTANA DE MONTERREY,311520,Elaboración de helados y paletas,101 a 250 personas,101,67112,19,Nuevo León,026,Guadalupe,Guadalupe,RINCÓN DE LINDA VISTA,CAMINO DE SAN PEDRO,1200,,,25.71445249,-100.20430015,2010-07,,51,piso_estrato,si,"cadena de puntos de venta: 10 sitios, 9 en ZM Monterrey, estrato identico 101, sin marca de planta, en colonia"
2026-05,6421021,19026311520000343000008152S9,HELADOS SULTANA AGUASCALIENTES,HELADOS SULTANA DE MONTERREY,HELADOS SULTANA DE MONTERREY,311520,Elaboración de helados y paletas,101 a 250 personas,101,67170,19,Nuevo León,026,Guadalupe,Guadalupe,VIVIENDA POPULAR,GENERAL LAZARO CARDENAS,1300,,,25.66842162,-100.23286753,2010-07,,51,piso_estrato,si,"cadena de puntos de venta: 10 sitios, 9 en ZM Monterrey, estrato identico 101, sin marca de planta, en colonia"
2026-05,6421023,19026311520000292000008152S8,HELADOS SULTANA ELIAS CALLES,HELADOS SULTANA DE MONTERREY,HELADOS SULTANA DE MONTERREY,311520,Elaboración de helados y paletas,101 a 250 personas,101,67160,19,Nuevo León,026,Guadalupe,Guadalupe,HACIENDA LOS LERMAS PRIMER SECTOR,GENERAL PLUTARCO ELIAS CALLES,2098,,,25.68703523,-100.19146629,2010-07,,51,piso_estrato,si,"cadena de puntos de venta: 10 sitios, 9 en ZM Monterrey, estrato identico 101, sin marca de planta, en colonia"
2026-05,6367834,19026312113000015001000000U6,HIELERIA MILLER,HIELERIA MILLER,HIELERIA MILLER,312113,Elaboración de hielo,51 a 100 personas,51,67190,19,Nuevo León,026,Guadalupe,Guadalupe,LOS LERMAS,CENTRAL,5401,,,25.67523659,-100.1917496,2010-07,,51,piso_estrato,no,
2026-05,6364997,19026311110000055003003066S9,MALTA TEXO DE MEXICO,MALTA TEXO DE MEXICO,MALTA TEXO DE MEXICO,311110,Elaboración de alimentos para animales,51 a 100 personas,51,67110,19,Nuevo León,026,Guadalupe,Guadalupe,INDUSTRIAL SAN RAFAEL,NUEVA,,amm.com,WWW.MALTALEYTON.COM.MX,25.70149127,-100.21704436,2010-07,,101,pendiente_rescate,no,
2026-05,6269706,19026311212000015000007426S7,PLANTA GUADALUPE,MOLINERA LA ESPIGA,MOLINERA LA ESPIGA,311212,Elaboración de harina de trigo,101 a 250 personas,101,67110,19,Nuevo León,026,Guadalupe,Guadalupe,JARDINES DE SAN RAFAEL,ADOLFO RUÍZ CORTINES,160,gtrimex.mx,WWW.GRUPOTRIMEX.COM.MX,25.70467564,-100.20777908,2010-07,,101,piso_estrato,no,
2026-05,6269322,19026311213000026000009046M2,MOLINOS AZTECA,MOLINOS AZTECA,MOLINOS AZTECA,311213,Elaboración de harina de maíz,251 y más personas,251,67129,19,Nuevo León,026,Guadalupe,Guadalupe,LA PURISIMA,ADOLFO RUÍZ CORTINES,2002,gruma.com,WWW.GRUMA.COM,25.70270227,-100.23289688,2010-07,,101,piso_estrato,no,
2026-05,6370008,19026311820000011010041781S6,MONDELEZ,MONDELEZ MEXICO,MONDELEZ MEXICO,311340,"Elaboración de dulces, chicles y productos de confitería que no sean de chocolate",251 y más personas,251,67160,19,Nuevo León,026,Guadalupe,Guadalupe,45,MIGUEL ALEMÁN,30,mdlz.com,WWW.MONDELEZ.COM,25.69706268,-100.23001892,2010-07,,101,piso_estrato,no,
2026-05,6786926,19026311930000044001000000U4,PICSA DE MEXICO INTERNACIONAL,PICSA DE MEXICO INTERNACIONAL,PICSA DE MEXICO INTERNACIONAL,311930,"Elaboración de concentrados, polvos, jarabes y esencias de sabor para bebidas",101 a 250 personas,101,67115,19,Nuevo León,026,Guadalupe,Guadalupe,JARDINES DE GUADALUPE,DÍA DEL EMPRESARIO,1155,picsademexico.com.mx,WWW.PICSADEMEXICO.COM.MX,25.70517559,-100.17920551,2017-03,,101,piso_estrato,no,
2026-05,6793912,19026311110000075001040227M7,PRODUCTOS AGROINDUSTRIALES AZTECA,PRODUCTOS AGROINDUSTRIALES AZTECA,PRODUCTOS AGROINDUSTRIALES AZTECA,311110,Elaboración de alimentos para animales,101 a 250 personas,101,67110,19,Nuevo León,026,Guadalupe,Guadalupe,SAN RAFAEL,ADOLFO RUÍZ CORTINES,120,gruma.com,WWW.GRUMA.COM,25.70270209,-100.23288805,2017-03,,101,piso_estrato,no,
2026-05,6235843,19026431180000041011008215S7,PRODUCTOS DE LECHE SAN PABLO,PRODUCTOS DE LECHE SAN PABLO,PRODUCTOS DE LECHE SAN PABLO,311340,"Elaboración de dulces, chicles y productos de confitería que no sean de chocolate",31 a 50 personas,31,67110,19,Nuevo León,026,Guadalupe,Guadalupe,SAN RAFAEL,ADOLFO RUÍZ CORTINES,645,gloriadelinares.com.mx,WWW.GLORIASDELINARES.COM.MX,25.70376874,-100.2114324,2010-07,,101,pendiente_rescate,no,
2026-05,6365666,19026311910000176001008674M6,TOSTADAS MUSIQUERAS,PRODUCTOS DESHIDRATADOS PAGA,PRODUCTOS DESHIDRATADOS PAGA,311910,Elaboración de botanas,101 a 250 personas,101,67180,19,Nuevo León,026,Guadalupe,Guadalupe,VILLA DE SAN SEBASTIÁN,ARTURO B DE LA GARZA,125,musiqueras.com.mx,WWW.MUSIQUERAS.COM.MX,25.67261525,-100.20671747,2010-07,,101,piso_estrato,no,
2026-05,6371907,19026311222000017000000000U2,PROTEINAS NATURALES,PROTEINAS NATURALES,PROTEINAS NATURALES,311222,Elaboración de aceites y grasas vegetales comestibles,251 y más personas,251,67130,19,Nuevo León,026,Guadalupe,Guadalupe,NEXXUS GUADALUPE,VÍA TAMPICO,501,,WWW.RAGASA.COM,25.69435824,-100.15605824,2010-07,,101,piso_estrato,no,
2026-05,9337605,19026311611000045001000000U7,PROVEEDORA DE SERVICIOS CARNICOS DEL NORTE,PROVEDORA DE SERVICIOS CARNICOS DEL NORTE,PROVEDORA DE SERVICIOS CARNICOS DEL NORTE,311611,"Matanza de ganado, aves y otros animales comestibles",101 a 250 personas,101,67168,19,Nuevo León,026,Guadalupe,Guadalupe,HACIENDA LOS LERMAS,CAMINO A LAS ESCOBAS,104,gmail.com,,25.68287876,-100.18606441,2021-05,,101,piso_estrato,no,
2026-05,9394133,19026311222000027000000000U1,RAGASA INDUSTRIAS,RAGASA INDUSTRIAS,RAGASA INDUSTRIAS,311222,Elaboración de aceites y grasas vegetales comestibles,251 y más personas,251,67120,19,Nuevo León,026,Guadalupe,Guadalupe,LA CONDESA,VÍA DE FERROCARRIL,501,ragasa.com.mx,,25.69460553,-100.1585034,2026-04,,101,piso_estrato,no,
2026-05,9437272,19026722310000306110000000U5,ELABORACIÓN DE ALIMENTOS FRESCOS PARA CONSUMO INMEDIATO SIN NOMBRE,REYES REYNA,REYES REYNA,311993,Elaboración de alimentos frescos para consumo inmediato,101 a 250 personas,101,67110,19,Nuevo León,026,Guadalupe,Guadalupe,JARDINES DE SAN RAFAEL,18 DE MARZO,111,,,25.69586194,-100.22381626,2026-04,,101,piso_estrato,no,
2026-05,6860789,19006311612000045101000000U7,TRANSFORMACION CARNICA,TRANSFORMACION CARNICA,TRANSFORMACION CARNICA,311612,"Corte y empacado de carne de ganado, aves y otros animales comestibles",101 a 250 personas,101,67132,19,Nuevo León,026,Guadalupe,Guadalupe,REGIO PARQUE INDUSTRIAL,REGIO PARQUE,111,transformacioncarnica.com,WWW.TRANSFORMACIONCARNICA.COM,25.70295053,-100.13950669,2026-04,,101,piso_estrato,no,
2026-05,9101009,19031311110000036000008716M9,MNA DE MEXICO,MNA DE MEXICO,MNA DE MEXICO,311110,Elaboración de alimentos para animales,101 a 250 personas,101,67250,19,Nuevo León,031,Juárez,Ciudad Benito Juárez,LOS NARANJOS,APODACA - JUÁREZ KM 59+600,,mnademexico.com,WWW.MNADEMEXICO.COM,25.68108716,-100.11592131,2026-04,,101,piso_estrato,no,
2026-05,9238777,19031311613000015001000000U6,PROCESOS CARNICOS GAMO,PROCESOS CARNICOS GAMO,PROCESOS CARNICOS GAMO,311613,"Preparación de embutidos y otras conservas de carne de ganado, aves y otros animales comestibles",101 a 250 personas,101,67289,19,Nuevo León,031,Juárez,Valle de Juárez,VALLE DE JUAREZ,CAMINO A RANCHO VIEJO,211,,WWW.EMPACADORAGAMO.COM,25.63429467,-100.15957618,2020-04,,101,piso_estrato,no,
2026-05,6228278,19033311230000017000000000U1,GOLLEK INTERAMERICAS,GOLLEK INTERAMERICAS,GOLLEK INTERAMERICAS,311230,Elaboración de cereales para el desayuno,251 y más personas,251,67735,19,Nuevo León,033,Linares,Linares,PARQUE INDUSTRIAL SEGUNDO SECTOR,INDUSTRIA ALIMENTICIA,2000,kellanova.com,WWW.KELLOGGS.COM.MX,24.8835024,-99.57874946,2010-07,,101,piso_estrato,no,
2026-05,6365009,19033311422000027000009219M3,ORVAL KENT DE LINARES,ORVAL KENT DE LINARES,ORVAL KENT DE LINARES,311422,Conservación de frutas y verduras por procesos distintos a la congelación y la deshidratación,251 y más personas,251,67700,19,Nuevo León,033,Linares,Linares,ALVARADO,CARLOS GARCÍA RODRÍGUEZ,204,ressers.com,,24.86441173,-99.56524546,2010-07,,101,piso_estrato,no,
2026-05,6366509,19033311340000031000008215S9,PRODUCTOS DE LECHE SAN PABLO,PRODUCTOS DE LECHE SAN PABLO,PRODUCTOS DE LECHE SAN PABLO,311340,"Elaboración de dulces, chicles y productos de confitería que no sean de chocolate",51 a 100 personas,51,67700,19,Nuevo León,033,Linares,Linares,CENTRO,VENUSTIANO CARRANZA,420,gloriasdelinares.com.mx,,24.86135155,-99.57060375,2010-07,,101,pendiente_rescate,no,
2026-05,6366512,19033311340000051001008215M7,PRODUCTOS DE LECHE SAN PABLO,PRODUCTOS DE LECHE SAN PABLO,PRODUCTOS DE LECHE SAN PABLO,311340,"Elaboración de dulces, chicles y productos de confitería que no sean de chocolate",51 a 100 personas,51,67700,19,Nuevo León,033,Linares,Linares,CENTRO,EMILIO CARRANZA,,gloriasdelinares.com.mx,,24.86188957,-99.57130932,2010-07,,101,pendiente_rescate,no,
2026-05,6369335,19033311412000017010000000U5,SIGMA ALIMENTOS CONGELADOS,SIGMA ALIMENTOS CONGELADOS,SIGMA ALIMENTOS CONGELADOS,311613,"Preparación de embutidos y otras conservas de carne de ganado, aves y otros animales comestibles",251 y más personas,251,67735,19,Nuevo León,033,Linares,Linares,PARQUE INDUSTRIAL 2DA ETAPA,INDUSTRIA ALIMENTICIA,,sigma-alimentos.com,WWW.SIGMA-ALIMENTOS.COM,24.88465419,-99.56939363,2010-07,,101,piso_estrato,no,
2026-05,6369078,19033311340000137000008533M4,VERNELL INDUSTRIES,VERNELL INDUSTRIES,VERNELL INDUSTRIES,311340,"Elaboración de dulces, chicles y productos de confitería que no sean de chocolate",251 y más personas,251,67700,19,Nuevo León,033,Linares,Linares,PARQUE INDUSTRIAL SEGUNDO SECTOR,INDUSTRIA ALIMENTICIA,2020,ferrarausa.com,,24.88362914,-99.57369105,2010-07,,101,piso_estrato,no,
2026-05,12333083,19034311611000035000000000U2,PILGRIMS,PILGRIMS,PILGRIMS,311611,"Matanza de ganado, aves y otros animales comestibles",31 a 50 personas,31,66700,19,Nuevo León,034,Marín,Marín,CENTRO,CORONA,,,,25.87305373,-100.02709389,2026-04,,101,pendiente_rescate,no,
2026-05,6366490,19038311999000024022008509M6,ALIMENTOS INTEGRONATURALES,ALIMENTOS INTEGRONATURALES,ALIMENTOS INTEGRONATURALES,311230,Elaboración de cereales para el desayuno,31 a 50 personas,31,67530,19,Nuevo León,038,Montemorelos,Montemorelos,UNIVERSIDAD DE MONTEMORELOS,INDIAS OCCIDENTALES,1300,colpac.com.mx,WWW.COLPAC.COM.MX,25.1937343,-99.84653672,2010-07,,101,pendiente_rescate,no,
2026-05,6373371,19038311422000033103008410S0,CITROFRUT PLANTA MONTEMORELOS,CITROFRUT,CITROFRUT,311930,"Elaboración de concentrados, polvos, jarabes y esencias de sabor para bebidas",51 a 100 personas,51,67560,19,Nuevo León,038,Montemorelos,Montemorelos,SAN JAVIER,BARDA,100,citrofrut.com.mx,WWW.CITROFRUT.COM,25.18454937,-99.84700137,2014-12,,101,pendiente_rescate,no,
2026-05,6367208,19038461130000021002000000U2,DELCITRO,DELCITRO,DELCITRO,311422,Conservación de frutas y verduras por procesos distintos a la congelación y la deshidratación,51 a 100 personas,51,67520,19,Nuevo León,038,Montemorelos,Montemorelos,MENDIVIL,CUAUHTÉMOC,1400,gmail.com,,25.18958654,-99.81809017,2012-06,,101,pendiente_rescate,no,
2026-05,6806827,19038311350000016001010237S8,EFFEM MEXICO INC Y COMPANIA,EFFEM MEXICO INC Y COMPAÑIA,EFFEM MEXICO INC Y COMPANIA,311350,Elaboración de chocolate y productos de chocolate,251 y más personas,251,67560,19,Nuevo León,038,Montemorelos,Clave Economica,CASAS,NINGUNO,,effem.com,WWW.MARS.COM,25.23177131,-99.80775979,2017-11,,101,piso_estrato,no,
2026-05,6269200,19038311422000027100008425M2,INDUSTRIAS CITRICOLAS DE MONTEMORELOS,INDUSTRIAS CITRICOLAS DE MONTEMORELOS,INDUSTRIAS CITRICOLAS DE MONTEMORELOS,311422,Conservación de frutas y verduras por procesos distintos a la congelación y la deshidratación,251 y más personas,251,67580,19,Nuevo León,038,Montemorelos,Montemorelos,JOSE MARIA PARAS,CAPELLANÍA,,delmonte.com,,25.19860367,-99.80900455,2010-07,,101,piso_estrato,no,
2026-05,2996689,19039431192000103011061000S4,MARVIRIDI,MARVIRIDI,MARVIRIDI,311910,Elaboración de botanas,51 a 100 personas,51,67610,19,Nuevo León,038,Montemorelos,Congregación Calles,CONGREGACION CALLES,RICARDO RODRIGUEZ A KM. 1,1,marviridi.com,WWW.MARVIRIDI.COM,25.22798452,-99.93341335,2014-12,,101,pendiente_rescate,no,
2026-05,8764865,19038311513000045101020032M0,PRODUCTOS ALIMENTICIOS DE MONTEMORELOS,PRODUCTOS ALIMENTICIOS DE MONTEMORELOS,PRODUCTOS ALIMENTICIOS DE MONTEMORELOS,311513,Elaboración de derivados y fermentos lácteos,31 a 50 personas,31,67614,19,Nuevo León,038,Montemorelos,La Soledad,NINGUNO,NINGUNO,,kykmex.com,,25.16576204,-99.79414132,2019-11,,51,pendiente_rescate,no,
2026-05,6367308,19038311611000015001000000U5,RASTRO EMPACADORA EL ALBA,RASTRO EMPACADORA EL ALBA,RASTRO EMPACADORA EL ALBA,311611,"Matanza de ganado, aves y otros animales comestibles",101 a 250 personas,101,67510,19,Nuevo León,038,Montemorelos,Los Reyes,CONGREGACION CALLES,NINGUNO,,elalba.mx,WWW.ELALBA.MX,25.24191514,-99.92198012,2026-04,,101,piso_estrato,no,
2026-05,6367309,19005311110000014102000000U0,SERVICIOS AGROPECUARIOS CANOAS,SERVICIOS AGROPECUARIOS CANOAS,SERVICIOS AGROPECUARIOS CANOAS,311110,Elaboración de alimentos para animales,31 a 50 personas,31,67610,19,Nuevo León,038,Montemorelos,La Curva (Los Tamez),CONGREGACION CANOAS,CARRETERA NACIONAL KM 220,,prodigy.net.mx,,25.24275464,-99.97608455,2014-12,,101,pendiente_rescate,no,
2026-05,12299655,19039312144000025000006647S3,OFICINA ADMINISTRATIVA MTY,BACARDI Y COMPAÑIA,BACARDI Y COMPANIA,312144,Elaboración de tequila,51 a 100 personas,51,64060,19,Nuevo León,039,Monterrey,Monterrey,OBISPADO,BELISARIO DOMINGUEZ,2020,bacardi.com,BACARDI.COM,25.67204153,-100.34283193,2026-04,,51,piso_estrato,no,
2026-05,6366204,19039312111000177000008191M1,BEBIDAS MUNDIALES SUC. 3323 PTA INSURGENTES,BEBIDAS MUNDIALES,BEBIDAS MUNDIALES,312111,Elaboración de refrescos y otras bebidas no alcohólicas,251 y más personas,251,64630,19,Nuevo León,039,Monterrey,Monterrey,COLINAS DE SAN JERONIMO,ANILLO PERIFÉRICO,1618,,,25.67693237,-100.3684543,2010-07,,51,piso_estrato,no,
2026-05,6235101,19039311910000197002002859S5,1083 CAJA SANISSIMO,BIMBO,BIMBO,311910,Elaboración de botanas,251 y más personas,251,64410,19,Nuevo León,039,Monterrey,Monterrey,BELLAVISTA,MANUEL DE LA PEÑA Y PEÑA,1020,grupobimbo.com,WWW.BIMBO.COM.MX,25.70210542,-100.32286828,2010-07,,101,piso_estrato,no,
2026-05,6236242,19039311811000077000002859S9,1081 CAJA BIMBO MONTERREY,BIMBO,BIMBO,311811,Panificación industrial,251 y más personas,251,64510,19,Nuevo León,039,Monterrey,Monterrey,COYOACAN,FÉLIX URESTI GÓMEZ,4203,grupobimbo.com,WWW.BIMBO.COM.MX,25.70731317,-100.28256962,2010-07,,101,piso_estrato,no,
2026-05,10558853,19039311230000034000000000U3,BERRY NUTS,BN MIXES,BN MIXES,311230,Elaboración de cereales para el desayuno,31 a 50 personas,31,64350,19,Nuevo León,039,Monterrey,Monterrey,VALLE DE INFONAVIT DOS,DIA DEL TRABAJO,4812,bnmixes.com,WWW.BERRYNUTS.MX,25.73346651,-100.38064936,2024-11,,101,pendiente_rescate,no,
2026-05,6366048,19039312221000037000000000U4,BRITISH AMERICAN TOBACCO MEXICO,BRITISH AMERICAN TOBACCO MEXICO,BRITISH AMERICAN TOBACCO MEXICO,312221,Elaboración de cigarros,251 y más personas,251,64000,19,Nuevo León,039,Monterrey,Monterrey,CENTRO,FRANCISCO I. MADERO,2750,bat.com,WWW.BATMEXICO.COM.MX,25.68656321,-100.339267,2010-07,,51,piso_estrato,no,
2026-05,2982455,19026311922000013102000000U6,CAFE EL GRANDE,CAFETERA EL GRANDE,CAFETERA EL GRANDE,311922,Elaboración de café tostado y molido,51 a 100 personas,51,67147,19,Nuevo León,039,Monterrey,Monterrey,COLONIA CENTRO,JOSÉ ALVARADO,1840,cafeelgrande.com,WWW.CAFEELGRANDE.COM,25.66026503,-100.28049361,2010-07,,101,pendiente_rescate,no,
2026-05,6235104,19039312120000017000040233M0,HEINEKEN PLANTA MONTERREY,CERVECERIA CUAUHTEMOC MOCTEZUMA,CERVECERIA CUAUHTEMOC MOCTEZUMA,312120,Elaboración de cerveza,251 y más personas,251,64410,19,Nuevo León,039,Monterrey,Monterrey,DEL PRADO,ALFONSO REYES,2202,heineken.com,,25.69336734,-100.31660036,2010-07,,51,piso_estrato,no,
2026-05,8779090,19039461140000644110000000U8,CIBUM TECNOLOGIA,CIBUM TECNOLOGIA,CIBUM TECNOLOGIA,311940,Elaboración de condimentos y aderezos,31 a 50 personas,31,64720,19,Nuevo León,039,Monterrey,Monterrey,INDEPENDENCIA,VERACRUZ,604,,,25.66012733,-100.31861947,2019-11,,101,pendiente_rescate,no,
2026-05,6370340,19039311422000011102008410M4,CITROFRUT,CITROFRUT,CITROFRUT,311930,"Elaboración de concentrados, polvos, jarabes y esencias de sabor para bebidas",101 a 250 personas,101,64000,19,Nuevo León,039,Monterrey,Monterrey,CENTRO,LICENCIADO BENITO JUAREZ,1102,citrofrut.com,WWW.CITROFRUT.COM,25.66576644,-100.3159807,2010-07,,101,piso_estrato,no,
2026-05,12331572,19039311422000204000000000U5,COMERCIALIZADORA TRENT,COMERCIALIZADORA TRENT,COMERCIALIZADORA TRENT,311422,Conservación de frutas y verduras por procesos distintos a la congelación y la deshidratación,31 a 50 personas,31,64000,19,Nuevo León,039,Monterrey,Monterrey,CENTRO,GENERAL JERONIMO TREVIÑO,1127,,WWW.TRENT.COM.MX,25.68036339,-100.3034608,2026-04,,101,pendiente_rescate,no,
2026-05,9424683,19039312111000253001008421S0,COMPAÑIA TOPO CHICO,COMPAÑIA TOPO CHICO,COMPANIA TOPO CHICO,312111,Elaboración de refrescos y otras bebidas no alcohólicas,251 y más personas,251,64260,19,Nuevo León,039,Monterrey,Monterrey,TOPO CHICO,SALINAS,1417,arcacontal.com,,25.73498502,-100.32748452,2023-11,,51,piso_estrato,no,
2026-05,6269431,19039311940000053002000000U7,DEPSSA,DISTRIBUIDORA Y ENVASADORA DE PRODUCTOS DE SODIO,DISTRIBUIDORA Y ENVASADORA DE PRODUCTOS DE SODIO,311940,Elaboración de condimentos y aderezos,31 a 50 personas,31,64420,19,Nuevo León,039,Monterrey,Monterrey,PROGRESO,PEDRO VÉLEZ,2460,depssa.com,WWW.DEPSSA.COM,25.69641122,-100.3357227,2010-07,,101,pendiente_rescate,no,
2026-05,3038856,19039722219022243021000000U0,DULCES MARELY,DULCES MARELY,DULCES MARELY,311340,"Elaboración de dulces, chicles y productos de confitería que no sean de chocolate",31 a 50 personas,31,64800,19,Nuevo León,039,Monterrey,Monterrey,BUENOS AIRES,ELENO RODRIGUEZ,416,yahoo.com.mx,,25.66382009,-100.28573071,2010-07,,101,pendiente_rescate,no,
2026-05,6366624,19039311340000285002000000U8,FABRICA DE DULCES RAVI,FABRICA DE DULCES RAVI,FABRICA DE DULCES RAVI,311340,"Elaboración de dulces, chicles y productos de confitería que no sean de chocolate",51 a 100 personas,51,64260,19,Nuevo León,039,Monterrey,Monterrey,LOMAS DE ANÁHUAC,BUSTAMANTE,801,ravi.com.mx,WWW.RAVI.COM.MX,25.73539489,-100.32112743,2010-07,,101,pendiente_rescate,no,
2026-05,6810746,19039311910000334002000000U4,GENAPRO,GENAPRO,GENAPRO,311910,Elaboración de botanas,101 a 250 personas,101,64260,19,Nuevo León,039,Monterrey,Monterrey,TOPO CHICO,GENERAL BERNARDO REYES,6633,genapro.com.mx,WWW.GENAPRO.COM.MX,25.73630751,-100.33263782,2017-11,,101,piso_estrato,no,
2026-05,6269738,19039311212000015000000000U0,HARINERA MONTERREY,HARINERA MONTERREY,HARINERA MONTERREY,311212,Elaboración de harina de trigo,101 a 250 personas,101,64480,19,Nuevo León,039,Monterrey,Monterrey,INDUSTRIAL,CRISTÓBAL COLÓN,2313,molineramx.com,,25.68718552,-100.33459779,2010-07,,101,piso_estrato,no,
2026-05,6421022,19039311520000522000008152S1,HELADOS SULTANA WALMART CHAPULTEPEC,HELADOS SULTANA DE MONTERREY,HELADOS SULTANA DE MONTERREY,311520,Elaboración de helados y paletas,101 a 250 personas,101,64800,19,Nuevo León,039,Monterrey,Monterrey,BUENOS AIRES,CHAPULTEPEC,1836,,,25.66665504,-100.28030151,2010-07,,51,piso_estrato,si,punto de venta: Walmart (WALMART)
2026-05,6421039,19039311520000512000008152S2,HELADOS SULTANA SAN JOSÉ,HELADOS SULTANA DE MONTERREY,HELADOS SULTANA DE MONTERREY,311520,Elaboración de helados y paletas,101 a 250 personas,101,64330,19,Nuevo León,039,Monterrey,Monterrey,SAN JORGE,SAN JOS,2810,,,25.72051913,-100.36236499,2010-07,,51,piso_estrato,si,"cadena de puntos de venta: 10 sitios, 9 en ZM Monterrey, estrato identico 101, sin marca de planta, en colonia"
2026-05,6699497,19039311513000111000008152S8,HELADOS SULTANA HEB PUERTA DE HIERRO,HELADOS SULTANA DE MONTERREY,HELADOS SULTANA DE MONTERREY,311513,Elaboración de derivados y fermentos lácteos,101 a 250 personas,101,64349,19,Nuevo León,039,Monterrey,Monterrey,PUERTA DE HIERRO,PASEO DE LOS LEONES,8901,,,25.74141803,-100.41419762,2016-01,,51,piso_estrato,si,punto de venta: HEB (HEB)
2026-05,6699444,19039311520000771101000000U4,BONLATTI,INDUSTRIA DE PRODUCTOS LACTEOS Y HELADOS,INDUSTRIA DE PRODUCTOS LACTEOS Y HELADOS,311520,Elaboración de helados y paletas,51 a 100 personas,51,64950,19,Nuevo León,039,Monterrey,Monterrey,MEDEROS,PABLO QUIROGA,4118,bonlatti.com.mx,,25.60857213,-100.27196685,2016-01,,51,piso_estrato,no,
2026-05,6269199,19039311930000064001000000U5,INDUSTRIAL ORGANICA,INDUSTRIAL ORGANICA,INDUSTRIAL ORGANICA,311930,"Elaboración de concentrados, polvos, jarabes y esencias de sabor para bebidas",51 a 100 personas,51,64260,19,Nuevo León,039,Monterrey,Monterrey,TOPO CHICO,ALMAZÁN,100,iosa.com.mx,WWW.IOSA.COM.MX,25.73747485,-100.32275091,2014-12,,101,pendiente_rescate,no,
2026-05,6373238,19039311940000075001009119M0,INDUSTRIAS TROFOS,INDUSTRIAS TROFOS,INDUSTRIAS TROFOS,311820,Elaboración de galletas y pastas para sopa,31 a 50 personas,31,64000,19,Nuevo León,039,Monterrey,Monterrey,CENTRO,ISAAC GARZA,1502,industriastrofos.com,WWW.INDUSTRIASTROFOS.COM,25.6790047,-100.3002126,2010-07,,101,pendiente_rescate,no,
2026-05,6366053,19039311340000296000000000U5,LA IMPERIAL,LA IMPERIAL,LA IMPERIAL,311340,"Elaboración de dulces, chicles y productos de confitería que no sean de chocolate",101 a 250 personas,101,64000,19,Nuevo León,039,Monterrey,Monterrey,CENTRO,VENUSTIANO CARRANZA,820,laimperial.com.mx,,25.68454999,-100.3307579,2010-07,,101,piso_estrato,no,
2026-05,12320251,19039311212000105000007209S9,MOLINERA DE MEXICO,MOLINERA DE MEXICO,MOLINERA DE MEXICO,311212,Elaboración de harina de trigo,51 a 100 personas,51,64480,19,Nuevo León,039,Monterrey,Monterrey,INDUSTRIAL,CRISTOBAL COLON,2313,,GTRIMEX.MX,25.68718641,-100.33460583,2026-04,,101,pendiente_rescate,no,
2026-05,7961788,19039311910000352001046907M6,NIXTAMART,NIXTAMART,NIXTAMART,311910,Elaboración de botanas,31 a 50 personas,31,64290,19,Nuevo León,039,Monterrey,Monterrey,HIDALGO,RAMÓN CORRAL,698,gmail.com,,25.70908109,-100.3196702,2019-11,,101,pendiente_rescate,no,
2026-05,9337688,19039311222000096000000000U9,LIRIO,OLEOALIMENTOS,OLEOALIMENTOS,311222,Elaboración de aceites y grasas vegetales comestibles,101 a 250 personas,101,64010,19,Nuevo León,039,Monterrey,Monterrey,OBRERA,AGUSTÍN MELGAR,600,productoslirio.com,WWW.PRODUCTOSLIRIO.COM,25.67890269,-100.29660069,2021-05,,101,piso_estrato,no,
2026-05,6367529,19039311812002843012009018S0,PANADERIA Y PASTELERIA SAN JOSE,PANADERIA Y PASTELERIA REGIOMONTANA,PANADERIA Y PASTELERIA REGIOMONTANA,311811,Panificación industrial,101 a 250 personas,101,64150,19,Nuevo León,039,Monterrey,Monterrey,ALVARO OBREGN,SITIO DE MAZATLÁN,5445,pasteleriasanjose.com,WWW.PASTELERIASANJOSE.COM,25.73170419,-100.3694622,2014-12,,101,piso_estrato,no,
2026-05,6366127,19039431122000296001000000U2,POLLOS VIDAURRI,POLLOS VIDAURRI,POLLOS VIDAURRI,311612,"Corte y empacado de carne de ganado, aves y otros animales comestibles",251 y más personas,251,64520,19,Nuevo León,039,Monterrey,Monterrey,VICTORIA,ADOLFO RUÍZ CORTINES,6200,vidaurri.mx,WWW.POLLOSVIDAURRI.COM.MX,25.70389472,-100.30376653,2010-07,,101,piso_estrato,no,
2026-05,2968229,19039311613000185002000000U0,PROCESADORA Y COMERCIALIZADORA CONAGRO,PROCESADORA Y COMERCIALIZADORA CONAGRO,PROCESADORA Y COMERCIALIZADORA CONAGRO,311613,"Preparación de embutidos y otras conservas de carne de ganado, aves y otros animales comestibles",101 a 250 personas,101,64440,19,Nuevo León,039,Monterrey,Monterrey,INDUSTRIAL,MIGUEL BARRAGÁN,811,conagro.com,,25.69271559,-100.3196619,2014-12,,101,piso_estrato,no,
2026-05,6367197,19039311940000064002000000U4,PRODUCTOS CIERVO,PRODUCTOS CIERVO,PRODUCTOS CIERVO,311940,Elaboración de condimentos y aderezos,51 a 100 personas,51,64260,19,Nuevo León,039,Monterrey,Monterrey,TOPO CHICO,LAMPAZOS,1151,prodigy.net.mx,WWW.PRODUCTOSCIERVO.COM.MX,25.73683599,-100.32427847,2010-07,,101,pendiente_rescate,no,
2026-05,6870419,19039431191000173011004096S8,PRODUCTOS RICH_OFICINA DE REPRESENTACION _NUEVO LEON,PRODUCTOS RICH,PRODUCTOS RICH,311811,Panificación industrial,31 a 50 personas,31,64040,19,Nuevo León,039,Monterrey,Monterrey,OBISPADO,CONSTITUCIÓN,2100,rich.com,WWW.RICHS.COM.MX,25.67423735,-100.34615632,2019-04,,101,pendiente_rescate,no,
2026-05,6366702,19039311613000127000046042M2,PROSAZON,PROSAZON,PROSAZON,311613,"Preparación de embutidos y otras conservas de carne de ganado, aves y otros animales comestibles",251 y más personas,251,64530,19,Nuevo León,039,Monterrey,Monterrey,LAS FLORES,MAGNOLIA,3270,prosazon.com,WWW.PROSAZON.COM,25.69519168,-100.2802304,2010-07,,101,piso_estrato,no,
2026-05,6372723,19039311613000136000008173S3,QUALTIA ALIMENTOS OPERACIONES RTE MTY,QUALTIA ALIMENTOS OPERACIONES,QUALTIA ALIMENTOS OPERACIONES,311613,"Preparación de embutidos y otras conservas de carne de ganado, aves y otros animales comestibles",101 a 250 personas,101,64380,19,Nuevo León,039,Monterrey,Monterrey,BUROCRATAS DEL ESTADO,GREGORIO SALINAS VERONA,128,qualtia.com,WWW.QUALTIA.COM.MX,25.71210434,-100.36698245,2010-07,,101,piso_estrato,no,
2026-05,6366582,19039311612000036011000000U7,RETSA,RASTRO EMPACADORA TREVIÑO,RASTRO EMPACADORA TREVINO,311612,"Corte y empacado de carne de ganado, aves y otros animales comestibles",31 a 50 personas,31,64440,19,Nuevo León,039,Monterrey,Monterrey,INDUSTRIAL,MIGUEL BARRAGÁN,663,rets-a.com,,25.69270886,-100.31832623,2010-07,,101,pendiente_rescate,no,
2026-05,6858704,19039311422000157001000000U5,REGULES INDUSTRIAS,REGULES INDUSTRIAS,REGULES INDUSTRIAS,311422,Conservación de frutas y verduras por procesos distintos a la congelación y la deshidratación,101 a 250 personas,101,64060,19,Nuevo León,039,Monterrey,Monterrey,DEPORTIVO OBISPADO,LICENCIADO JOSÉ BENÍTEZ,22235,hotmail.com,,25.67898996,-100.3457645,2019-04,,101,piso_estrato,no,
2026-05,6365038,19039311613000117000008269M3,SIGMA ALIMENTOS NORESTE,SIGMA ALIMENTOS NORESTE,SIGMA ALIMENTOS NORESTE,311613,"Preparación de embutidos y otras conservas de carne de ganado, aves y otros animales comestibles",251 y más personas,251,64800,19,Nuevo León,039,Monterrey,Monterrey,BUENOS AIRES,JESÚS CANTÚ LEAL,1320,sigma-alimentos.com,,25.65935894,-100.2840832,2010-07,,101,piso_estrato,no,
2026-05,6856924,19039311811000085001000000U2,SOCIEDAD COOPERATIVA DE PRODUCCION LA ESTRELLA ROJA,SOCIEDAD COOPERATIVA DE PRODUCCION LA ESTRELLA ROJA,SOCIEDAD COOPERATIVA DE PRODUCCION LA ESTRELLA ROJA,311811,Panificación industrial,101 a 250 personas,101,64440,19,Nuevo León,039,Monterrey,Monterrey,INDUSTRIAL,GENERAL BERNARDO REYES,1810,laestrellaroja.com.mx,WWW.LAESTRELLAROJA.COM.MX,25.69379692,-100.3240322,2019-04,,101,piso_estrato,no,
2026-05,8970718,19039311910000521001000000U6,TOSTADAS TOSTIMEX,TOSTADAS TOSTIMEX,TOSTADAS TOSTIMEX,311910,Elaboración de botanas,31 a 50 personas,31,64510,19,Nuevo León,039,Monterrey,Monterrey,COYOACÁN,ADOLFO RUIZ CORTINES,2527,gmail.com,,25.70381219,-100.28428492,2019-11,,101,pendiente_rescate,no,
2026-05,6235072,19044311513000034000005838S2,SIGMA ALIMENTOS LACTEOS,SIGMA ALIMENTOS LACTEOS,SIGMA ALIMENTOS LACTEOS,311513,Elaboración de derivados y fermentos lácteos,251 y más personas,251,65200,19,Nuevo León,044,Sabinas Hidalgo,Ciudad Sabinas Hidalgo,SONORA,ANTONIO SOLÍS,1600,sigma-alimentos.com,,26.50453887,-100.19710666,2010-07,,51,piso_estrato,no,
2026-05,12331568,19045311422000027000000000U7,BEBIDAS PARA LA SALUD DE MEXICO,BEBIDAS PARA LA SALUD DE MEXICO,BEBIDAS PARA LA SALUD DE MEXICO,311422,Conservación de frutas y verduras por procesos distintos a la congelación y la deshidratación,251 y más personas,251,65500,19,Nuevo León,045,Salinas Victoria,Interpuerto Monterrey,INTERPUERTO,PUERTO DE MONTREAL,107,,,25.91121638,-100.29696193,2026-04,,101,piso_estrato,no,
2026-05,6862071,19045311211000016001000000U7,MEXICANA DE ARROZ,MEXICANA DE ARROZ,MEXICANA DE ARROZ,311211,Beneficio del arroz,251 y más personas,251,65500,19,Nuevo León,045,Salinas Victoria,Morales [Estación],MAMULIQUE,CARRETERA A COLOMBIA KM 34+400,34,mexicanadearroz.com.mx,,26.05754667,-100.3033728,2019-04,,101,piso_estrato,no,
2026-05,6882822,19045311820000011111041781S6,PRODUCTOS MONDELEZ PLANTA MONTERREY,MONDELEZ MEXICO,MONDELEZ MEXICO,311340,"Elaboración de dulces, chicles y productos de confitería que no sean de chocolate",251 y más personas,251,66500,19,Nuevo León,045,Salinas Victoria,Interpuerto Monterrey,INTERPUERTO MONTERREY,NINGUNO,,mdlz.com,WWW.MONDELEZ.COM,25.89789891,-100.28911623,2019-04,,101,piso_estrato,no,
2026-05,9287069,19045431180000013011041781S6,MONDELEZ MEXICO,MONDELEZ MEXICO,MONDELEZ MEXICO,311340,"Elaboración de dulces, chicles y productos de confitería que no sean de chocolate",251 y más personas,251,65513,19,Nuevo León,045,Salinas Victoria,Interpuerto Monterrey,INTERPUERTO MONTERREY,BOULEVARD INTERPUERTO,,,,25.91541173,-100.29386424,2020-11,,101,piso_estrato,no,
2026-05,12320225,19045311110000025000000000U2,PA BACHOCO,PA BACHOCO,PA BACHOCO,311110,Elaboración de alimentos para animales,51 a 100 personas,51,65500,19,Nuevo León,045,Salinas Victoria,Salinas Victoria,AGRARISTA,CARRETERA A COLOMBIA,1104,,WWW.BACHOCO.COM.MX,25.97398637,-100.28420817,2026-04,,101,pendiente_rescate,no,
2026-05,6370210,19046431199000064010005613S7,AGYDSA,ACEITES GRASAS Y DERIVADOS,ACEITES GRASAS Y DERIVADOS,311222,Elaboración de aceites y grasas vegetales comestibles,51 a 100 personas,51,66480,19,Nuevo León,046,San Nicolás de los Garza,San Nicolás de los Garza,DIAZ ORDAZ,LICENCIADO GUSTAVO DÍAZ ORDÁZ,310,hotmail.com,AGYDSA.NET,25.71178357,-100.27157172,2010-07,,101,pendiente_rescate,no,
2026-05,9433471,19039311811000147000002859S0,1084 CAJA MARINELA MONTERREY,BIMBO,BIMBO,311811,Panificación industrial,251 y más personas,251,66490,19,Nuevo León,046,San Nicolás de los Garza,San Nicolás de los Garza,PEÑA GUERRA,ANTIGUO CAMINO A APODACA,203,grupobimbo.com,WWW.GRUPOBIMBO.COM,25.72146526,-100.25792612,2023-11,,101,piso_estrato,no,
2026-05,6862350,19046311110000034000000000U2,CORPORACION SANTA FE,CORPORACION SANTA FE,CORPORACION SANTA FE,311110,Elaboración de alimentos para animales,31 a 50 personas,31,66477,19,Nuevo León,046,San Nicolás de los Garza,San Nicolás de los Garza,LA FE,GOLFO DE MÉXICO,604,corporacionsantafe.com.mx,WWW.CORPORACIONSANTAFE.COM.MX,25.71982246,-100.2093346,2019-04,,101,pendiente_rescate,no,
2026-05,6368186,19046311512000025001000000U7,D M MEXICANA,D M MEXICANA,D M MEXICANA,311512,"Elaboración de leche en polvo, condensada y evaporada",101 a 250 personas,101,66477,19,Nuevo León,046,San Nicolás de los Garza,San Nicolás de los Garza,LA FE,PUERTO VALLARTA,604,d-mmexicana.com.mx,WWW.D-MMEXICANA.COM.MX,25.72175188,-100.21029566,2010-07,,51,piso_estrato,no,
2026-05,6366854,19046311613000067000000000U5,EMPACADORA SUPREMO DE MONTERREY,EMPACADORA SUPREMO DE MONTERREY,EMPACADORA SUPREMO DE MONTERREY,311613,"Preparación de embutidos y otras conservas de carne de ganado, aves y otros animales comestibles",251 y más personas,251,66490,19,Nuevo León,046,San Nicolás de los Garza,San Nicolás de los Garza,LAGRANGE,CALLEJÓN DE SANTO DOMINGO,2115,sigma-alimentos.com,WWW.SIGMA-ALIMENTOS.COM,25.72716855,-100.25937099,2010-07,,101,piso_estrato,no,
2026-05,12333457,19046311930000064000000000U0,FYS CHEMICAL,FYS CHEMICAL,FYS CHEMICAL,311930,"Elaboración de concentrados, polvos, jarabes y esencias de sabor para bebidas",31 a 50 personas,31,66450,19,Nuevo León,046,San Nicolás de los Garza,San Nicolás de los Garza,VALLE DE ANAHUAC,MOCTEZUMA,6603,,WWW.FRYSA.COM.MX,25.73352021,-100.31608372,2026-04,,101,pendiente_rescate,no,
2026-05,6269541,19046561910000064012000000U9,KAR FRI ALIMENTOS,KAR FRI ALIMENTOS,KAR FRI ALIMENTOS,311612,"Corte y empacado de carne de ganado, aves y otros animales comestibles",31 a 50 personas,31,66400,19,Nuevo León,046,San Nicolás de los Garza,San Nicolás de los Garza,CENTRO DE SAN NICOLÁS,GONZALITOS,401,gmail.com,,25.74731598,-100.2924325,2012-06,,101,pendiente_rescate,no,
2026-05,12333472,19046311940000045000000000U8,MICHEMIX,MICHEMIX,MICHEMIX,311940,Elaboración de condimentos y aderezos,51 a 100 personas,51,66440,19,Nuevo León,046,San Nicolás de los Garza,San Nicolás de los Garza,LOS MORALES SEGUNDO SECTOR,TORRES DE SANTO DOMINGO,800,michemix.com,,25.73941128,-100.25179446,2026-04,,101,pendiente_rescate,no,
2026-05,11109627,19046311110000046000008716S6,MNA,MNA DE MEXICO,MNA DE MEXICO,311110,Elaboración de alimentos para animales,101 a 250 personas,101,66477,19,Nuevo León,046,San Nicolás de los Garza,San Nicolás de los Garza,LA FE,ACAPULCO,770,mnademexoco.com,,25.72272387,-100.2067833,2024-11,,101,piso_estrato,no,
2026-05,6368185,19046325411000015001008716S7,MNA DE MEXICO,MNA DE MEXICO,MNA DE MEXICO,311110,Elaboración de alimentos para animales,51 a 100 personas,51,66477,19,Nuevo León,046,San Nicolás de los Garza,San Nicolás de los Garza,LA FE,ACAPULCO,770,mnademexico.com,WWW.MNADEMEXICO.COM,25.72283665,-100.20751291,2010-07,,101,pendiente_rescate,no,
2026-05,6327103,19046311613000077002008173M4,QUALTIA ALIMENTOS OPERACIONES CEDIS MONTERREY,QUALTIA ALIMENTOS OPERACIONES,QUALTIA ALIMENTOS OPERACIONES,311613,"Preparación de embutidos y otras conservas de carne de ganado, aves y otros animales comestibles",251 y más personas,251,66470,19,Nuevo León,046,San Nicolás de los Garza,San Nicolás de los Garza,LAGRANGE,CONDUCTORES,600,qualtia.com,WWW.QUALTIA.COM.MX,25.72836835,-100.25364624,2010-07,,101,piso_estrato,no,
2026-05,9282270,19046492110000404000000000U8,REPRESENTACIONES SIERRA MADRE,REPRESENTACIONES SIERRA MADRE,REPRESENTACIONES SIERRA MADRE,311422,Conservación de frutas y verduras por procesos distintos a la congelación y la deshidratación,31 a 50 personas,31,66470,19,Nuevo León,046,San Nicolás de los Garza,San Nicolás de los Garza,LOS MEZQUITES,ADOLFO LOPEZ MATEOS,4120,,,25.73236823,-100.24969838,2020-11,,101,pendiente_rescate,no,
2026-05,6366344,19046311820000027002002570S0,GAMESA PLANTA SAN NICOLAS DE LOS GARZA,SABRITAS,SABRITAS,311820,Elaboración de galletas y pastas para sopa,251 y más personas,251,66450,19,Nuevo León,046,San Nicolás de los Garza,San Nicolás de los Garza,CUAUHTEMOC,REPÚBLICA MEXICANA,225,pepsico.com,PEPSICO.COM.MX,25.72266334,-100.29174935,2014-12,,101,piso_estrato,no,
2026-05,6366323,19046325412000021002008248M3,TROUW NUTRITION MEXICO,TROUW NUTRITION MEXICO,TROUW NUTRITION MEXICO,311110,Elaboración de alimentos para animales,251 y más personas,251,66494,19,Nuevo León,046,San Nicolás de los Garza,San Nicolás de los Garza,CENTRAL DE CARGA,AVENIDA C,1101,trouwnutrition.com,WWW.TROUWNUTRITION.MX,25.70886053,-100.24095411,2010-07,,101,piso_estrato,no,
2026-05,6421018,19019311520000082001008152S8,HELADOS SULTANA SORIANA SAN PEDRO,HELADOS SULTANA SORIANA SAN PEDRO,HELADOS SULTANA SORIANA SAN PEDRO,311520,Elaboración de helados y paletas,251 y más personas,251,66220,19,Nuevo León,019,San Pedro Garza García,San Pedro Garza García,ZONA LOS CALLEJONES,HUMBERTO LOBO,520,,,25.66435822,-100.38165783,2010-07,,51,piso_estrato,si,punto de venta: Soriana (SORIANA)
2026-05,6420650,19019311212000017001000000U8,PASTAS MOLISABA,PASTAS MOLISABA,PASTAS MOLISABA,311820,Elaboración de galletas y pastas para sopa,251 y más personas,251,66210,19,Nuevo León,019,San Pedro Garza García,San Pedro Garza García,LA LEONA,LICENCIADO GUSTAVO DÍAZ ORDAZ,333,grupoharinas.com.mx,WWW.GRUPOHARINAS.COM,25.67483594,-100.41208887,2010-07,,101,piso_estrato,no,
2026-05,6805614,19019311613000036001000000U7,QUALTIA ALIMENTOS SUCURSAL SAN PEDRO,QUALTIA ALIMENTOS OPERACIONES,QUALTIA ALIMENTOS OPERACIONES,311613,"Preparación de embutidos y otras conservas de carne de ganado, aves y otros animales comestibles",51 a 100 personas,51,66240,19,Nuevo León,019,San Pedro Garza García,San Pedro Garza García,TAMPIQUITO,DIEGO SALDÍVAR,202,qualtia.com,WWW.QUALTIA.COM.MX,25.65011616,-100.38354881,2017-11,,101,pendiente_rescate,no,
2026-05,3013713,19048311910000023000000000U4,BOTANAS CHE CHE CHE,BOTANAS CHE CHE CHE,BOTANAS CHE CHE CHE,311910,Elaboración de botanas,31 a 50 personas,31,66167,19,Nuevo León,048,Santa Catarina,Ciudad Santa Catarina,MONTENEGRO,MONTE EVEREST,324,hotmail.com,WWW.CHECHECHE.COM.MX,25.66751159,-100.44132279,2010-07,,101,pendiente_rescate,no,
2026-05,6366767,19048311423000026101057110M1,BUENO ALIMENTOS,BUENO ALIMENTOS,BUENO ALIMENTOS,311423,Conservación de guisos y otros alimentos preparados por procesos distintos a la congelación,101 a 250 personas,101,66367,19,Nuevo León,048,Santa Catarina,Ciudad Santa Catarina,INDUSTRIAL UNIDAD NACIONAL DOS,CANADÁ,725,mexicorp.com,WWW.BUENOALIMENTOS.COM,25.68714074,-100.47654871,2010-07,,101,piso_estrato,no,
2026-05,3008628,19048311940000013002000000U2,CHILES Y CONDIMENTOS INDUSTRIALES,CHILES Y CONDIMENTOS INDUSTRIALES,CHILES Y CONDIMENTOS INDUSTRIALES,311940,Elaboración de condimentos y aderezos,31 a 50 personas,31,66358,19,Nuevo León,048,Santa Catarina,Ciudad Santa Catarina,ZIMIX,TERCERA AVENIDA,850,chiconsa.com.mx,WWW.CHICONSA.COM.MX,25.68165764,-100.46981612,2010-07,,101,pendiente_rescate,no,
2026-05,6367935,19048311423000015000000000U4,COCTELES Y SABORES,COCTELES Y SABORES,COCTELES Y SABORES,311423,Conservación de guisos y otros alimentos preparados por procesos distintos a la congelación,51 a 100 personas,51,66120,19,Nuevo León,048,Santa Catarina,Ciudad Santa Catarina,SAN HUMBERTO,NINGUNO,708,coctelesysabores.com.mx,WWW.COCTELESYSABORES.COM.MX,25.68707288,-100.43416423,2010-07,,101,pendiente_rescate,no,
2026-05,6370462,19048311910000076003012146M2,COMERCIALIZADORA GONAC MATRIZ,COMERCIALIZADORA GONAC,COMERCIALIZADORA GONAC,311910,Elaboración de botanas,251 y más personas,251,66367,19,Nuevo León,048,Santa Catarina,Ciudad Santa Catarina,INDUSTRIAL MARTEL,BRASIL,205,gonac.com.mx,WWW.GONAC.COM.MX,25.68952063,-100.47720744,2010-07,,101,piso_estrato,no,
2026-05,6371249,19048311512000014001000000U7,DESHIDRATADOS ALIMENTICIOS E INDUSTRIALES,DESHIDRATADOS ALIMENTICIOS E INDUSTRIALES,DESHIDRATADOS ALIMENTICIOS E INDUSTRIALES,311512,"Elaboración de leche en polvo, condensada y evaporada",51 a 100 personas,51,66149,19,Nuevo León,048,Santa Catarina,Ciudad Santa Catarina,TRABAJADORES,25 DE MAYO,137,hotmail.com,,25.67739934,-100.426894,2024-05,,51,piso_estrato,no,
2026-05,6778452,19048311340000135100010237S6,EFFEM MEXICO INC Y CIA,EFFEM MEXICO INC Y COMPAÑIA,EFFEM MEXICO INC Y COMPANIA,311340,"Elaboración de dulces, chicles y productos de confitería que no sean de chocolate",251 y más personas,251,66358,19,Nuevo León,048,Santa Catarina,Ciudad Santa Catarina,ZIMIX,GALAXIAS,701,effem.com,WWW.MATREMEXICO.COM,25.68165085,-100.47635729,2017-03,,101,piso_estrato,no,
2026-05,8689220,19048311940000064000000000U5,EL TEXANO,EL TEXANO INTERNACIONAL,EL TEXANO INTERNACIONAL,311940,Elaboración de condimentos y aderezos,31 a 50 personas,31,66358,19,Nuevo León,048,Santa Catarina,Ciudad Santa Catarina,ZIMIX,DIONISIO DE HERRERA,,,,25.67882152,-100.47743254,2019-11,,101,pendiente_rescate,no,
2026-05,10954674,19048311930000026000000000U5,GENETICA,GENETICA,GENETICA,311930,"Elaboración de concentrados, polvos, jarabes y esencias de sabor para bebidas",101 a 250 personas,101,66149,19,Nuevo León,048,Santa Catarina,Ciudad Santa Catarina,TRABAJADORES,20 DE NOVIEMBRE,100,,,25.67701176,-100.41938269,2024-11,,101,piso_estrato,no,
2026-05,6235084,19048311423000036001008873M0,GRIFFITH FOODS,GRIFFITH FOODS,GRIFFITH FOODS,311423,Conservación de guisos y otros alimentos preparados por procesos distintos a la congelación,251 y más personas,251,66362,19,Nuevo León,048,Santa Catarina,Ciudad Santa Catarina,PIO XII,NINGUNO,537,griffithfoods.com,,25.68523417,-100.46240295,2010-07,,101,piso_estrato,no,
2026-05,9437283,19048312111000066000000000U7,GRUPO IDRAPOWER,GRUPO IDRAPOWER,GRUPO IDRAPOWER,312111,Elaboración de refrescos y otras bebidas no alcohólicas,101 a 250 personas,101,67999,19,Nuevo León,048,Santa Catarina,Ciudad Santa Catarina,MARTECHOP,ESPAÑA,410,grupoidrapower.com,IDRAPOWER.COM,25.69008519,-100.47585894,2023-11,,51,piso_estrato,no,
2026-05,6369620,19048311213000016001021638M7,HARI MASA,HARI MASA,HARI MASA,311213,Elaboración de harina de maíz,251 y más personas,251,66350,19,Nuevo León,048,Santa Catarina,Ciudad Santa Catarina,FINSA UNO,CARRETERA A VILLA GARCÍA KM 2+500,,harimasa.com,WWW.HARIMASA.COM,25.71490863,-100.51939769,2014-12,,101,piso_estrato,no,
2026-05,6421024,19039311520000562100008152S7,HELADOS SULTANA HEB LA PUERTA,HELADOS SULTANA DE MONTERREY,HELADOS SULTANA DE MONTERREY,311520,Elaboración de helados y paletas,101 a 250 personas,101,66358,19,Nuevo León,048,Santa Catarina,Ciudad Santa Catarina,CUMBRES DE SANTA CATARINA,MONTERREY-SALTILLO,2640,,,25.68502405,-100.48567413,2010-07,,51,piso_estrato,si,punto de venta: HEB (HEB)
2026-05,9389960,19048311993000046001000000U1,INSTANT FOODS DE MEXICO,INSTANT FOODS DE MEXICO,INSTANT FOODS DE MEXICO,311993,Elaboración de alimentos frescos para consumo inmediato,251 y más personas,251,66376,19,Nuevo León,048,Santa Catarina,Ciudad Santa Catarina,EL LECHUGAL,GALEANA,357,instantfoods.com,WWW.INSTANTSFOODS.COM,25.66876218,-100.4466746,2022-11,,101,piso_estrato,no,
2026-05,6767668,19048311340000143001000000U0,KIDSKAN,KIDSKAN,KIDSKAN,311340,"Elaboración de dulces, chicles y productos de confitería que no sean de chocolate",31 a 50 personas,31,66360,19,Nuevo León,048,Santa Catarina,Ciudad Santa Catarina,MONTE DE LOS OLIVOS INDUSTRIAL,MONTE DE LOS OLIVOS,398,kidskan.net,,25.68161583,-100.44822808,2016-10,,101,pendiente_rescate,no,
2026-05,6420655,19048311940000026000000000U4,MEGA ALIMENTOS,MEGA ALIMENTOS,MEGA ALIMENTOS,311940,Elaboración de condimentos y aderezos,251 y más personas,251,66350,19,Nuevo León,048,Santa Catarina,Ciudad Santa Catarina,NINGUNO,ANTIGUO CAMINO A VILLA DE GARCÍA,111,megaalimentos.com,WWW.MEGAALIMENTOS.COM,25.68873001,-100.47159709,2010-07,,101,piso_estrato,no,
2026-05,6367335,19048311910000087000008494S9,BOKADOS PLANTA SANTA CATARINA,NACIONAL DE ALIMENTOS Y HELADOS,NACIONAL DE ALIMENTOS Y HELADOS,311910,Elaboración de botanas,251 y más personas,251,66367,19,Nuevo León,048,Santa Catarina,Ciudad Santa Catarina,NORBERTO AGUIRRE PLANCARES,SAN PEDRO,200,arcacontal.com,,25.69086953,-100.46944857,2010-07,,101,piso_estrato,no,
2026-05,2958026,19048311910000094001017366M5,PALMEX ALIMENTOS,PALMEX ALIMENTOS,PALMEX ALIMENTOS,311910,Elaboración de botanas,251 y más personas,251,66350,19,Nuevo León,048,Santa Catarina,Ciudad Santa Catarina,EL LECHUGAL,FRANCISCO I. MADERO,145,palmex.com,,25.67230965,-100.44465068,2014-12,,101,piso_estrato,no,
2026-05,6366072,19048311340000076001000000U2,PRODUCTORA Y COMERCIALIZADORA DE PRODUCTOS,PRODUCTORA Y COMERCIALIZADORA DE PRODUCTOS,PRODUCTORA Y COMERCIALIZADORA DE PRODUCTOS,311340,"Elaboración de dulces, chicles y productos de confitería que no sean de chocolate",251 y más personas,251,66370,19,Nuevo León,048,Santa Catarina,Ciudad Santa Catarina,INDUSTRIAL DEL PONIENTE KALOS,ZEUS,1105,zumbapica.com,WWW.ZUMBAPICA.COM,25.68782112,-100.48166054,2010-07,,101,piso_estrato,no,
2026-05,6367341,19048311340000086001000000U1,PRODUCTOS INDY,PRODUCTOS INDY,PRODUCTOS INDY,311340,"Elaboración de dulces, chicles y productos de confitería que no sean de chocolate",51 a 100 personas,51,66358,19,Nuevo León,048,Santa Catarina,Ciudad Santa Catarina,MARTEL,MARTELL,403,productosindy.com.mx,WWW.PRODUCTOSINDY.COM.MX,25.69042538,-100.47891496,2010-07,,101,pendiente_rescate,no,
2026-05,9334865,19048326193000136011000000U0,SPRAYLAB,SPRAYLAB,SPRAYLAB,311222,Elaboración de aceites y grasas vegetales comestibles,251 y más personas,251,66367,19,Nuevo León,048,Santa Catarina,Ciudad Santa Catarina,PARQUE INDUSTRIAL LA PUERTA,LAS TORRES,1533,spraylab.com.mx,WWW.ACEITESMAEVA.COM,25.69669126,-100.48540288,2021-05,,101,piso_estrato,no,
2026-05,10927427,19048311421000026000000000U5,TIA OFILIA,TIA OFILIA,TIA OFILIA,311421,Deshidratación de frutas y verduras,101 a 250 personas,101,66358,19,Nuevo León,048,Santa Catarina,Ciudad Santa Catarina,RESIDENCIAL DE LA SIERRA,ALBORADA,,,,25.67964757,-100.48304255,2024-11,,101,piso_estrato,no,
2026-05,9900843,19048311212000034000000000U2,MORAMA,VETELI,VETELI,311820,Elaboración de galletas y pastas para sopa,31 a 50 personas,31,66357,19,Nuevo León,048,Santa Catarina,Ciudad Santa Catarina,MARFER,ARTURO MARTINEZ CALZADO,218,morama.mx,WWW.MORAMA.COM,25.69327962,-100.48196365,2024-11,,101,pendiente_rescate,no,
2026-05,6269473,19050311110000014001000000U6,INTEGRADORA REGIOENGORDAS,INTEGRADORA REGIOENGORDAS,INTEGRADORA REGIOENGORDAS,311110,Elaboración de alimentos para animales,51 a 100 personas,51,65450,19,Nuevo León,050,Vallecillo,Regioengorda,REGIO ENGORDA,SABINAS A PARAS KM 34,,regioengordas.com.mx,,26.48452981,-99.87154217,2014-12,,101,pendiente_rescate,no,
