dia	so	project_id	planta_inferida	n_registros	n_empleados	es_frente_campo
2025-08-22	SO9428	121	VERTIV	1	1	si
2026-04-23	SO9428	121	VERTIV	4	4	si
2026-04-23	SO10344	155	BUDENHEIM	1	1	si
2026-04-23	SO10300	160	MAGNEKON	8	8	si
2026-04-23	SO10337	212	BRIDGESTONE	1	1	si
2026-04-23	SO11547	2302	TOPO_CHICO	7	7	si
2026-04-24	SO9428	121	VERTIV	4	4	si
2026-04-24	SO10300	160	MAGNEKON	9	9	si
2026-04-24	SO10337	212	BRIDGESTONE	2	2	si
2026-04-24	SO11547	2302	TOPO_CHICO	14	14	si
2026-04-25	SO11547	2302	TOPO_CHICO	5	5	si
2026-04-26	SO11547	2302	TOPO_CHICO	1	1	si
2026-04-27	SO9428	121	VERTIV	6	6	si
2026-04-27	SO10300	160	MAGNEKON	8	8	si
2026-04-27	SO10337	212	BRIDGESTONE	1	1	si
2026-04-27	SO11547	2302	TOPO_CHICO	17	17	si
2026-04-28	SO9428	121	VERTIV	5	5	si
2026-04-28	SO10300	160	MAGNEKON	9	9	si
2026-04-28	SO11526	2297	USA	1	1	no
2026-04-28	SO11547	2302	TOPO_CHICO	17	17	si
2026-04-29	SO9428	121	VERTIV	5	5	si
2026-04-29	SO10344	155	BUDENHEIM	3	3	si
2026-04-29	SO10300	160	MAGNEKON	8	8	si
2026-04-29	SO11547	2302	TOPO_CHICO	17	17	si
2026-04-30	SO9428	121	VERTIV	4	4	si
2026-04-30	SO10344	155	BUDENHEIM	3	3	si
2026-04-30	SO10300	160	MAGNEKON	10	10	si
2026-04-30	SO11547	2302	TOPO_CHICO	14	14	si
2026-05-01	SO11547	2302	TOPO_CHICO	10	10	si
2026-05-01	SO11511	2327	BEBIDAS_PURIFICADAS	2	2	si
2026-05-02	SO10300	160	MAGNEKON	1	1	si
2026-05-02	SO11547	2302	TOPO_CHICO	12	12	si
2026-05-03	SO11547	2302	TOPO_CHICO	5	5	si
2026-05-04	SO9428	121	VERTIV	4	4	si
2026-05-04	SO10300	160	MAGNEKON	9	9	si
2026-05-04	SO11547	2302	TOPO_CHICO	17	17	si
2026-05-05	SO7723	101	MAGNEKON	1	1	si
2026-05-05	SO9428	121	VERTIV	5	5	si
2026-05-05	SO10300	160	MAGNEKON	10	10	si
2026-05-05	SO11516	515	USA	1	1	no
2026-05-05	SO11547	2302	TOPO_CHICO	13	13	si
2026-05-06	SO5995	28	VERTIV	1	1	si
2026-05-06	SO9428	121	VERTIV	5	5	si
2026-05-06	SO10300	160	MAGNEKON	9	9	si
2026-05-06	SO11547	2302	TOPO_CHICO	12	12	si
2026-05-07	SO9428	121	VERTIV	7	7	si
2026-05-07	SO10300	160	MAGNEKON	10	10	si
2026-05-07	SO11547	2302	TOPO_CHICO	14	13	si
2026-05-08	SO9428	121	VERTIV	8	7	si
2026-05-08	SO10300	160	MAGNEKON	10	10	si
2026-05-08	SO11516	515	USA	1	1	no
2026-05-08	SO11547	2302	TOPO_CHICO	10	10	si
2026-05-09	SO11547	2302	TOPO_CHICO	3	3	si
2026-05-11	SO9428	121	VERTIV	7	7	si
2026-05-11	SO10300	160	MAGNEKON	7	7	si
2026-05-11	SO10337	212	BRIDGESTONE	1	1	si
2026-05-11	SO11492	506	MISSION_FOODS	1	1	si
2026-05-11	SO11547	2302	TOPO_CHICO	11	11	si
2026-05-12	SO5995	28	VERTIV	1	1	si
2026-05-12	SO9428	121	VERTIV	4	4	si
2026-05-12	SO10300	160	MAGNEKON	8	8	si
2026-05-12	SO10337	212	BRIDGESTONE	3	3	si
2026-05-12	SO11547	2302	TOPO_CHICO	13	13	si
2026-05-13	SO9428	121	VERTIV	7	7	si
2026-05-13	SO10300	160	MAGNEKON	8	8	si
2026-05-13	SO10337	212	BRIDGESTONE	1	1	si
2026-05-13	SO11547	2302	TOPO_CHICO	12	12	si
2026-05-13	SO11644	2328	USA	1	1	no
2026-05-14	SO9428	121	VERTIV	7	7	si
2026-05-14	SO10344	155	BUDENHEIM	6	6	si
2026-05-14	SO10300	160	MAGNEKON	7	7	si
2026-05-14	SO11547	2302	TOPO_CHICO	13	13	si
2026-05-15	SO9428	121	VERTIV	5	5	si
2026-05-15	SO10344	155	BUDENHEIM	1	1	si
2026-05-15	SO10300	160	MAGNEKON	10	10	si
2026-05-15	SO11547	2302	TOPO_CHICO	11	11	si
2026-05-16	SO11547	2302	TOPO_CHICO	1	1	si
2026-05-17	SO11547	2302	TOPO_CHICO	3	3	si
2026-05-18	SO9428	121	VERTIV	6	6	si
2026-05-18	SO10300	160	MAGNEKON	13	12	si
2026-05-18	SO10337	212	BRIDGESTONE	1	1	si
2026-05-18	SO11547	2302	TOPO_CHICO	12	12	si
2026-05-19	SO11547	2302	TOPO_CHICO	1	1	si
2026-05-20	SO9428	121	VERTIV	7	7	si
2026-05-20	SO11547	2302	TOPO_CHICO	2	2	si
2026-05-21	SO9428	121	VERTIV	6	6	si
2026-05-21	SO10300	160	MAGNEKON	11	11	si
2026-05-21	SO10337	212	BRIDGESTONE	5	5	si
2026-05-21	SO11547	2302	TOPO_CHICO	9	9	si
2026-05-22	SO9428	121	VERTIV	9	9	si
2026-05-22	SO10300	160	MAGNEKON	9	9	si
2026-05-22	SO11547	2302	TOPO_CHICO	8	8	si
2026-05-25	SO9428	121	VERTIV	7	7	si
2026-05-25	SO10300	160	MAGNEKON	9	9	si
2026-05-25	SO11547	2302	TOPO_CHICO	10	10	si
2026-05-26	SO9428	121	VERTIV	11	11	si
2026-05-26	SO10300	160	MAGNEKON	9	9	si
2026-05-26	SO11547	2302	TOPO_CHICO	5	5	si
2026-05-27	SO9428	121	VERTIV	4	4	si
2026-05-27	SO10300	160	MAGNEKON	10	10	si
2026-05-27	SO11547	2302	TOPO_CHICO	3	3	si
2026-05-28	SO9428	121	VERTIV	9	9	si
2026-05-28	SO10300	160	MAGNEKON	11	11	si
2026-05-28	SO11547	2302	TOPO_CHICO	5	5	si
2026-05-29	SO9428	121	VERTIV	9	9	si
2026-05-29	SO10300	160	MAGNEKON	9	9	si
2026-05-29	SO11547	2302	TOPO_CHICO	8	8	si
2026-06-01	SO9428	121	VERTIV	12	12	si
2026-06-01	SO10344	155	BUDENHEIM	1	1	si
2026-06-01	SO10300	160	MAGNEKON	1	1	si
2026-06-01	SO10337	212	BRIDGESTONE	10	10	si
2026-06-01	SO11547	2302	TOPO_CHICO	6	6	si
2026-06-02	SO9428	121	VERTIV	13	13	si
2026-06-02	SO10344	155	BUDENHEIM	2	2	si
2026-06-02	SO10300	160	MAGNEKON	7	7	si
2026-06-02	SO11547	2302	TOPO_CHICO	6	6	si
2026-06-02	SO11557	2305	USA	2	2	no
2026-06-03	SO9428	121	VERTIV	14	14	si
2026-06-03	SO10300	160	MAGNEKON	6	6	si
2026-06-03	SO10337	212	BRIDGESTONE	1	1	si
2026-06-03	SO11547	2302	TOPO_CHICO	7	7	si
2026-06-04	SO9428	121	VERTIV	13	11	si
2026-06-04	SO9667	126	MONDELEZ	1	1	si
2026-06-04	SO10300	160	MAGNEKON	11	11	si
2026-06-04	SO11547	2302	TOPO_CHICO	6	6	si
2026-06-05	SO9428	121	VERTIV	9	9	si
2026-06-05	SO10300	160	MAGNEKON	11	11	si
2026-06-05	SO11547	2302	TOPO_CHICO	7	7	si
2026-06-07	SO11547	2302	TOPO_CHICO	1	1	si
2026-06-08	SO9428	121	VERTIV	9	9	si
2026-06-08	SO10344	155	BUDENHEIM	2	2	si
2026-06-08	SO10300	160	MAGNEKON	8	8	si
2026-06-08	SO11547	2302	TOPO_CHICO	7	7	si
2026-06-09	SO9428	121	VERTIV	10	10	si
2026-06-09	SO10300	160	MAGNEKON	11	11	si
2026-06-09	SO11547	2302	TOPO_CHICO	7	7	si
2026-06-10	SO9428	121	VERTIV	9	9	si
2026-06-10	SO10300	160	MAGNEKON	11	11	si
2026-06-10	SO11547	2302	TOPO_CHICO	9	9	si
2026-06-11	SO9428	121	VERTIV	7	7	si
2026-06-11	SO10300	160	MAGNEKON	10	10	si
2026-06-11	SO10337	212	BRIDGESTONE	1	1	si
2026-06-11	SO11547	2302	TOPO_CHICO	12	12	si
2026-06-12	SO9428	121	VERTIV	8	8	si
2026-06-12	SO10300	160	MAGNEKON	6	6	si
2026-06-12	SO11547	2302	TOPO_CHICO	11	11	si
2026-06-15	SO9428	121	VERTIV	6	6	si
2026-06-15	SO10300	160	MAGNEKON	9	9	si
2026-06-15	SO10337	212	BRIDGESTONE	1	1	si
2026-06-15	SO11547	2302	TOPO_CHICO	7	7	si
2026-06-15	SO11557	2305	USA	2	2	no
2026-06-16	SO9428	121	VERTIV	8	8	si
2026-06-16	SO10300	160	MAGNEKON	9	9	si
2026-06-16	SO11547	2302	TOPO_CHICO	8	8	si
2026-06-17	SO9428	121	VERTIV	7	7	si
2026-06-17	SO10300	160	MAGNEKON	11	11	si
2026-06-17	SO11290	241	NALCO_MEXICALI_ING	1	1	no
2026-06-17	SO11547	2302	TOPO_CHICO	8	8	si
2026-06-17	SO11762	2349	TOPO_CHICO	1	1	si
2026-06-18	SO9428	121	VERTIV	7	7	si
2026-06-18	SO10300	160	MAGNEKON	10	10	si
2026-06-18	SO10337	212	BRIDGESTONE	3	3	si
2026-06-18	SO11290	241	NALCO_MEXICALI_ING	3	3	no
2026-06-18	SO11547	2302	TOPO_CHICO	5	5	si
2026-06-19	SO9428	121	VERTIV	4	4	si
2026-06-19	SO10300	160	MAGNEKON	6	6	si
2026-06-19	SO10337	212	BRIDGESTONE	3	3	si
2026-06-19	SO11547	2302	TOPO_CHICO	6	6	si
2026-06-19	SO11762	2349	TOPO_CHICO	1	1	si
2026-06-22	SO9428	121	VERTIV	4	4	si
2026-06-22	SO10300	160	MAGNEKON	10	9	si
2026-06-22	SO10337	212	BRIDGESTONE	5	5	si
2026-06-22	SO11290	241	NALCO_MEXICALI_ING	2	2	no
2026-06-22	SO11547	2302	TOPO_CHICO	5	5	si
2026-06-23	SO9428	121	VERTIV	3	3	si
2026-06-23	SO10300	160	MAGNEKON	11	11	si
2026-06-23	SO10337	212	BRIDGESTONE	3	3	si
2026-06-23	SO11547	2302	TOPO_CHICO	9	9	si
2026-06-24	SO9428	121	VERTIV	4	4	si
2026-06-24	SO10300	160	MAGNEKON	12	12	si
2026-06-24	SO10337	212	BRIDGESTONE	4	4	si
2026-06-24	SO11547	2302	TOPO_CHICO	10	10	si
2026-06-25	SO9428	121	VERTIV	2	2	si
2026-06-25	SO10300	160	MAGNEKON	12	12	si
2026-06-25	SO10337	212	BRIDGESTONE	3	3	si
2026-06-25	SO11547	2302	TOPO_CHICO	12	12	si
2026-06-26	SO9428	121	VERTIV	4	4	si
2026-06-26	SO10300	160	MAGNEKON	6	6	si
2026-06-26	SO11547	2302	TOPO_CHICO	14	14	si
2026-06-29	SO9428	121	VERTIV	4	4	si
2026-06-29	SO10337	212	BRIDGESTONE	4	4	si
2026-06-29	SO11290	241	NALCO_MEXICALI_ING	1	1	no
2026-06-29	SO11547	2302	TOPO_CHICO	7	7	si
2026-06-30	SO9428	121	VERTIV	4	4	si
2026-06-30	SO10337	212	BRIDGESTONE	3	3	si
2026-06-30	SO11290	241	NALCO_MEXICALI_ING	1	1	no
2026-06-30	SO11547	2302	TOPO_CHICO	7	7	si
2026-06-30	SO11762	2349	TOPO_CHICO	2	2	si
2026-07-01	SO9428	121	VERTIV	2	2	si
2026-07-01	SO11547	2302	TOPO_CHICO	14	14	si
2026-07-02	SO9428	121	VERTIV	4	4	si
2026-07-02	SO10300	160	MAGNEKON	6	6	si
2026-07-02	SO11547	2302	TOPO_CHICO	14	14	si
2026-07-03	SO9428	121	VERTIV	4	4	si
2026-07-03	SO11547	2302	TOPO_CHICO	10	10	si
2026-07-06	SO9428	121	VERTIV	5	5	si
2026-07-06	SO11547	2302	TOPO_CHICO	10	10	si
2026-07-07	SO9428	121	VERTIV	5	5	si
2026-07-07	SO10300	160	MAGNEKON	3	3	si
2026-07-07	SO11492	506	MISSION_FOODS	1	1	si
2026-07-07	SO11547	2302	TOPO_CHICO	11	11	si
2026-07-08	SO9428	121	VERTIV	5	5	si
2026-07-08	SO10300	160	MAGNEKON	1	1	si
2026-07-08	SO11547	2302	TOPO_CHICO	12	12	si
2026-07-08	SO11551	2337	QUIMITEC	1	1	si
2026-07-09	SO9428	121	VERTIV	6	6	si
2026-07-09	SO11547	2302	TOPO_CHICO	9	9	si
2026-07-10	SO9428	121	VERTIV	3	3	si
2026-07-10	SO11547	2302	TOPO_CHICO	9	9	si
2026-07-10	SO11762	2349	TOPO_CHICO	1	1	si
2026-07-13	SO9428	121	VERTIV	3	3	si
2026-07-13	SO11762	2349	TOPO_CHICO	10	10	si
2026-07-14	SO9428	121	VERTIV	4	4	si
2026-07-14	SO11290	241	NALCO_MEXICALI_ING	1	1	no
2026-07-14	SO11762	2349	TOPO_CHICO	10	10	si
2026-07-15	SO9428	121	VERTIV	4	4	si
2026-07-15	SO11290	241	NALCO_MEXICALI_ING	1	1	no
2026-07-15	SO11762	2349	TOPO_CHICO	10	10	si
2026-07-16	SO9428	121	VERTIV	3	3	si
2026-07-16	SO11290	241	NALCO_MEXICALI_ING	1	1	no
2026-07-16	SO11547	2302	TOPO_CHICO	1	1	si
2026-07-16	SO11762	2349	TOPO_CHICO	11	11	si
2026-07-17	SO9428	121	VERTIV	3	3	si
2026-07-17	SO11290	241	NALCO_MEXICALI_ING	1	1	no
2026-07-17	SO11762	2349	TOPO_CHICO	11	11	si
2026-07-20	SO10300	160	MAGNEKON	5	4	si
2026-07-20	SO11290	241	NALCO_MEXICALI_ING	1	1	no
2026-07-20	SO11547	2302	TOPO_CHICO	1	1	si
2026-07-20	SO11762	2349	TOPO_CHICO	5	5	si
2026-07-20	SO11699	2352	BRIDGESTONE	3	3	si
2026-07-21	SO10300	160	MAGNEKON	4	4	si
2026-07-21	SO10337	212	BRIDGESTONE	3	3	si
2026-07-21	SO11290	241	NALCO_MEXICALI_ING	1	1	no
2026-07-21	SO11547	2302	TOPO_CHICO	1	1	si
2026-07-21	SO11762	2349	TOPO_CHICO	5	5	si
2026-07-22	SO10300	160	MAGNEKON	5	5	si
2026-07-22	SO11290	241	NALCO_MEXICALI_ING	1	1	no
2026-07-22	SO11762	2349	TOPO_CHICO	8	8	si
2026-07-23	SO10300	160	MAGNEKON	5	5	si
2026-07-23	SO11290	241	NALCO_MEXICALI_ING	1	1	no
2026-07-23	SO11762	2349	TOPO_CHICO	8	8	si
2026-07-24	SO9428	121	VERTIV	3	3	si
2026-07-24	SO10300	160	MAGNEKON	5	5	si
2026-07-24	SO11290	241	NALCO_MEXICALI_ING	1	1	no
2026-07-24	SO11762	2349	TOPO_CHICO	5	5	si
2026-07-27	SO9428	121	VERTIV	2	2	si
2026-07-27	SO10300	160	MAGNEKON	5	5	si
2026-07-27	SO11290	241	NALCO_MEXICALI_ING	1	1	no
2026-07-27	SO11762	2349	TOPO_CHICO	4	4	si
2026-07-27	SO11699	2352	BRIDGESTONE	1	1	si
2026-07-28	SO10300	160	MAGNEKON	6	6	si
2026-07-28	SO11290	241	NALCO_MEXICALI_ING	1	1	no
2026-07-28	SO11762	2349	TOPO_CHICO	6	6	si
2026-07-29	SO10300	160	MAGNEKON	7	6	si
2026-07-29	SO11290	241	NALCO_MEXICALI_ING	1	1	no
2026-07-29	SO11762	2349	TOPO_CHICO	6	6	si
2026-07-30	SO10300	160	MAGNEKON	6	6	si
2026-07-30	SO11547	2302	TOPO_CHICO	1	1	si
2026-07-30	SO11762	2349	TOPO_CHICO	6	6	si
2026-07-31	SO10300	160	MAGNEKON	5	5	si
2026-07-31	SO11547	2302	TOPO_CHICO	1	1	si
2026-07-31	SO11762	2349	TOPO_CHICO	7	7	si
2026-08-03	SO10300	160	MAGNEKON	1	1	si
2026-08-03	SO11547	2302	TOPO_CHICO	1	1	si
2026-08-03	SO11762	2349	TOPO_CHICO	7	7	si
2026-08-04	SO11762	2349	TOPO_CHICO	8	8	si
2026-08-05	SO11762	2349	TOPO_CHICO	8	8	si
2026-08-06	SO11762	2349	TOPO_CHICO	9	9	si
2026-08-07	SO10337	212	BRIDGESTONE	3	3	si
2026-08-07	SO11762	2349	TOPO_CHICO	7	7	si
2026-08-10	SO9428	121	VERTIV	4	4	si
2026-08-10	SO11762	2349	TOPO_CHICO	5	5	si
2026-08-11	SO9428	121	VERTIV	5	5	si
2026-08-11	SO11547	2302	TOPO_CHICO	5	5	si
2026-08-12	SO9428	121	VERTIV	6	5	si
2026-08-12	SO11547	2302	TOPO_CHICO	5	5	si
2026-08-13	SO9428	121	VERTIV	5	5	si
2026-08-13	SO11547	2302	TOPO_CHICO	5	5	si
2026-08-14	SO9428	121	VERTIV	4	4	si
2026-08-14	SO11547	2302	TOPO_CHICO	4	4	si
2026-08-14	SO11762	2349	TOPO_CHICO	2	2	si
2026-08-16	SO9428	121	VERTIV	3	3	si
2026-08-17	SO9428	121	VERTIV	6	6	si
2026-08-17	SO11547	2302	TOPO_CHICO	4	4	si
2026-08-18	SO9428	121	VERTIV	8	8	si
2026-08-18	SO11547	2302	TOPO_CHICO	2	2	si
2026-08-19	SO9428	121	VERTIV	6	6	si
2026-08-19	SO11547	2302	TOPO_CHICO	4	4	si
2026-08-19	SO11762	2349	TOPO_CHICO	1	1	si
2026-08-20	SO9428	121	VERTIV	6	6	si
2026-08-20	SO11547	2302	TOPO_CHICO	4	4	si
2026-08-20	SO11762	2349	TOPO_CHICO	1	1	si
2026-08-21	SO9428	121	VERTIV	7	7	si
2026-08-21	SO11547	2302	TOPO_CHICO	4	4	si
2026-08-21	SO11762	2349	TOPO_CHICO	1	1	si
2026-08-24	SO9428	121	VERTIV	6	6	si
2026-08-24	SO11547	2302	TOPO_CHICO	5	5	si
2026-08-25	SO9428	121	VERTIV	6	6	si
2026-08-25	SO11547	2302	TOPO_CHICO	4	4	si
2026-08-26	SO9428	121	VERTIV	7	7	si
2026-08-26	SO11547	2302	TOPO_CHICO	4	4	si
2026-08-27	SO9428	121	VERTIV	6	6	si
2026-08-27	SO11547	2302	TOPO_CHICO	5	5	si
2026-08-28	SO11547	2302	TOPO_CHICO	7	7	si
2026-08-31	SO11547	2302	TOPO_CHICO	6	6	si
2026-09-01	SO9428	121	VERTIV	4	4	si
2026-09-01	SO11547	2302	TOPO_CHICO	6	6	si
2026-09-02	SO9428	121	VERTIV	3	3	si
2026-09-02	SO11547	2302	TOPO_CHICO	5	5	si
2026-09-02	SO11699	2352	BRIDGESTONE	2	2	si
2026-09-02	SO11773	2356	USA	1	1	no
2026-09-03	SO9428	121	VERTIV	4	4	si
2026-09-03	SO11547	2302	TOPO_CHICO	7	7	si
2026-09-03	SO11498	2375	BRIDGESTONE_ING	1	1	no
2026-09-04	SO9428	121	VERTIV	3	3	si
2026-09-04	SO11547	2302	TOPO_CHICO	8	8	si
2026-09-04	SO11498	2375	BRIDGESTONE_ING	1	1	no
2026-09-07	SO11547	2302	TOPO_CHICO	6	6	si
2026-09-07	SO11699	2352	BRIDGESTONE	3	3	si
2026-09-07	SO11498	2375	BRIDGESTONE_ING	1	1	no
2026-09-08	SO9428	121	VERTIV	5	4	si
2026-09-08	SO11547	2302	TOPO_CHICO	7	7	si
2026-09-08	SO11498	2375	BRIDGESTONE_ING	1	1	no
2026-09-09	SO9428	121	VERTIV	3	3	si
2026-09-09	SO11547	2302	TOPO_CHICO	7	7	si
2026-09-09	SO11699	2352	BRIDGESTONE	1	1	si
2026-09-09	SO11498	2375	BRIDGESTONE_ING	1	1	no
2026-09-10	SO9428	121	VERTIV	4	4	si
2026-09-10	SO11547	2302	TOPO_CHICO	7	7	si
2026-09-10	SO11498	2375	BRIDGESTONE_ING	1	1	no
2026-09-11	SO11547	2302	TOPO_CHICO	8	8	si
2026-09-11	SO11699	2352	BRIDGESTONE	4	4	si
2026-09-11	SO11498	2375	BRIDGESTONE_ING	1	1	no
2026-09-14	SO9428	121	VERTIV	3	3	si
2026-09-14	SO11547	2302	TOPO_CHICO	4	4	si
2026-09-14	SO11762	2349	TOPO_CHICO	1	1	si
2026-09-14	SO11699	2352	BRIDGESTONE	3	3	si
2026-09-14	SO11498	2375	BRIDGESTONE_ING	1	1	no
2026-09-15	SO9428	121	VERTIV	3	3	si
2026-09-15	SO11547	2302	TOPO_CHICO	6	6	si
2026-09-15	SO11699	2352	BRIDGESTONE	3	3	si
2026-09-15	SO11498	2375	BRIDGESTONE_ING	1	1	no
2026-09-17	SO9428	121	VERTIV	5	5	si
2026-09-17	SO11547	2302	TOPO_CHICO	5	5	si
2026-09-17	SO11498	2375	BRIDGESTONE_ING	1	1	no
2026-09-18	SO9428	121	VERTIV	6	6	si
2026-09-18	SO11547	2302	TOPO_CHICO	4	4	si
2026-09-18	SO11498	2375	BRIDGESTONE_ING	1	1	no
2026-09-21	SO9428	121	VERTIV	3	3	si
2026-09-21	SO11547	2302	TOPO_CHICO	7	7	si
2026-09-21	SO11699	2352	BRIDGESTONE	1	1	si
2026-09-21	SO11498	2375	BRIDGESTONE_ING	1	1	no
2026-09-22	SO9428	121	VERTIV	4	4	si
2026-09-22	SO11547	2302	TOPO_CHICO	6	6	si
2026-09-22	SO11498	2375	BRIDGESTONE_ING	1	1	no
2026-09-23	SO9428	121	VERTIV	4	4	si
2026-09-23	SO11547	2302	TOPO_CHICO	5	5	si
2026-09-23	SO11498	2375	BRIDGESTONE_ING	1	1	no
2026-09-24	SO9428	121	VERTIV	3	3	si
2026-09-24	SO11547	2302	TOPO_CHICO	6	6	si
2026-09-24	SO11699	2352	BRIDGESTONE	1	1	si
2026-09-24	SO11498	2375	BRIDGESTONE_ING	1	1	no
2026-09-25	SO9428	121	VERTIV	4	4	si
2026-09-25	SO11547	2302	TOPO_CHICO	7	7	si
2026-09-25	SO11498	2375	BRIDGESTONE_ING	1	1	no
