fila	caja	numero_interno	descripcion	numero_parte	marca	sku	precio_mxn	proveedor	folio	link
2	A	A0	CAJA DE ALMACENAMIENTO PACKOUT CON INSERTO 15.01 X 38 X 52.9 CM MILWAUKEE	48-22-8450	MILWAUKEE	139212	1565.00	HOME DEPOT	285435	https://www.homedepot.com.mx/p/milwaukee-caja-de-almacenamiento-packout-con-inserto-1501-x-38-x-529-cm-milwauke-48-22-8450-139212
3	A	A1	JUEGO DE DESTORNILLADORES DE PRECISIÓN ACERO MILWAUKEE 6 PIEZAS	48-22-2606	MILWAUKEE	147997		HOME DEPOT		https://www.homedepot.com.mx/p/milwaukee-juego-de-destornilladores-de-precision-acero-milwauke-6-piezas-48-22-2606-147997
4	A	A10	PINZAS DE PUNTA  WIHA (Z 05 0 09 160)	32985	WIHA	32985	-	AMAZON		https://www.amazon.com.mx/dp/B007HGNUY8
5	A	A11	DESARMADOR WIHA PLANO 0,5 X 3,0 (1.0X4.5X100)	32985	WIHA	32985	-	AMAZON		https://www.amazon.com.mx/dp/B007HGNUY8
6	A	A12	DESARMADOR WIHA PLANO 1,0X4,5 (0.5X3.0X100)	32985	WIHA	32985	-	AMAZON		https://www.amazon.com.mx/dp/B007HGNUY8
7	A	A2	DESARMADOR WIHA ESTRELLA PH1 (PH1X80)	32985	WIHA	32985	-	AMAZON		https://www.amazon.com.mx/dp/B007HGNUY8
8	A	A3	DESARMADOR WIHA ESTRELLA  PH2(PH2X100321N)	32985	WIHA	32985	-	AMAZON		https://www.amazon.com.mx/dp/B007HGNUY8
9	A	A4	AMPERIMETRO FLUKE 302+	302+	FLUKE	HFLUKE302		AMAZON		https://www.amazon.com.mx/dp/B007HGNUY8
10	A	A5	MINI PINZAS PARA CORTAR 12.7 X 6 X 1.27 MILWAUKEE	48-22-6105	MILWAUKEE	147979	352.80	HOME DEPOT	238777	https://www.homedepot.com.mx/p/milwaukee-mini-pinzas-para-cortar-127-x-6-x-127-cm-de-acero-milwauke-48-22-6105-147979
11	A	A6	PINZAS PELACABLE COMERCIAL ELECTRIC	Ce100821	COMERCIAL ELECTRIC	127734		HOME DEPOT		https://www.homedepot.com.mx/p/commercial-electric-pelacables-cortacables-de-6-ce100821-127734
12	A	A7	CLIMPADORA	1445070000	WEID MULLER			AUTELIN		https://catalog.weidmueller.com/catalog/Start.do?localeId=es&ObjectID=1445070000
13	A	A8	PINZAS DE CORTE WIHA (Z 12 0 09 160)	32985	WIHA	32985	2587.60	AMAZON		https://www.amazon.com.mx/dp/B007HGNUY8
14	A	A9	PINZAS ELECTRICAS WIHA (Z 01 0 09 200)	32985	WIHA	32985	-	AMAZON		https://www.amazon.com.mx/dp/B007HGNUY8
15	B	B0	CAJA DE ALMACENAMIENTO PACKOUT CON INSERTO 15.01 X 38 X 52.9 CM MILWAUKEE	48-22-8450	MILWAUKEE	139212	1565.00	HOME DEPOT	285435	https://www.homedepot.com.mx/p/milwaukee-caja-de-almacenamiento-packout-con-inserto-1501-x-38-x-529-cm-milwauke-48-22-8450-139212
16	B	B1	DESTORNILLADOR DE IMPACTO SIN ESCOBILLAS HEXAGONAL DE 1/4 PULGADA MILWAUKEE M18	3650-20	MILWAUKEE			RISOUL		https://www.homedepot.com/p/Milwaukee-M18-18V-Lithium-Ion-Brushless-Cordless-1-4-in-Compact-Impact-Driver-Tool-Only-3650-20/325842820
17	B	B2	PISTOLA DE IMPACTO DE 3/8	285420	MILWAUKEE	285420	3241.14	AMAZON		https://www.amazon.com.mx/dp/B09VCWVFCV
18	B	B3	TALADRO ROTOMARTILLO DE 1/2 MILWAUKEE	3602-20	MILWAUKEE			RISOUL		https://www.homedepot.com/p/Milwaukee-M18-18V-Lithium-Ion-Brushless-Cordless-1-2-in-Compact-Hammer-Drill-Driver-Tool-Only-3602-20/326507242
19	B	B4	BATERIA MILWAUKEE M18 CP2.0	48111820	MILWAUKEE	108358		HOME DEPOT		https://www.homedepot.com.mx/p/milwaukee-bateria-milwauke-m18-cp20-48111820-108358
20	B	B5	BATERIA MILWAUKEE M18 CP2.1	48111820	MILWAUKEE	108358		HOME DEPOT		https://www.homedepot.com.mx/p/milwaukee-bateria-milwauke-m18-cp20-48111820-108358
21	C	C0	CAJA DE ALMACENAMIENTO PACKOUT CON INSERTO 15.01 X 38 X 52.9 CM MILWAUKEE	48-22-8450	MILWAUKEE	139212	1565.00	HOME DEPOT	285435	https://www.homedepot.com.mx/p/milwaukee-caja-de-almacenamiento-packout-con-inserto-1501-x-38-x-529-cm-milwauke-48-22-8450-139212
22	C	C1	TALADRO ALAMBRICO ROTOMARTILLO MILWAUKEE	5375-20	MILWAUKEE	197009	1984.50	HOME DEPOT	363658	https://www.homedepot.com.mx/p/milwaukee-taladro-percutor-1-2-pulgadas-milwauke-5375-20-197009
23	C	C2	ROTOMARTILLO SDS PLUS 1500 RPM 800 WATTS MILWAUKEE	5485-21	MILWAUKEE	141961	3547.43	HOME DEPOT	363658	https://www.homedepot.com.mx/p/milwaukee-rotomartillo-sds-plus-1500-rpm-800-watts-milwauke-5485-21-141961
24	C	C3	MANGO LATERAL MILWAUKEE	516940 B2	MILWAUKEE	516940 B2				
25	D	D0	CAJA DE ALMACENAMIENTO PACKOUT CON INSERTO 15.01 X 38 X 52.9 CM MILWAUKEE	48-22-8450	MILWAUKEE	139212	1565.00	HOME DEPOT	285435	https://www.homedepot.com.mx/p/milwaukee-caja-de-almacenamiento-packout-con-inserto-1501-x-38-x-529-cm-milwauke-48-22-8450-139212
26	D	D1	AMARRES TIPO MATRACA DE 360 X 2.5 CM	Fh0829	HUSKY	134129	316.18	HOME DEPOT	363658	https://www.homedepot.com.mx/p/husky-amarres-tipo-matraca-de-360-x-25-cm-4-piezas-fh0829-134129
27	D	D2	AMARRES TIPO MATRACA DE 360 X 2.5 CM	Fh0829	HUSKY	134129	316.18	HOME DEPOT	363658	https://www.homedepot.com.mx/p/husky-amarres-tipo-matraca-de-360-x-25-cm-4-piezas-fh0829-134129
28	D	D3	AMARRES TIPO MATRACA DE 360 X 2.5 CM	Fh0829	HUSKY	134129	316.18	HOME DEPOT	363658	https://www.homedepot.com.mx/p/husky-amarres-tipo-matraca-de-360-x-25-cm-4-piezas-fh0829-134129
29	D	D4	AMARRES TIPO MATRACA DE 360 X 2.5 CM	Fh0829	HUSKY	134129	316.18	HOME DEPOT	363658	https://www.homedepot.com.mx/p/husky-amarres-tipo-matraca-de-360-x-25-cm-4-piezas-fh0829-134129
30	D	D5	BANDA PARA MATRACA 2 MTS					HOME DEPOT		
31	D	D6	BANDA PARA MATRACA 2 MTS					HOME DEPOT		
32	D	D7	BANDA PARA MATRACA 2 MTS					HOME DEPOT		
33	D	D8	BANDA PARA MATRACA 2 MTS					HOME DEPOT		
34	D	D9	GRILLETE DE 5/8 MARCA CROSBY	1018473	CROSBY	29WP64		GRAINGER		https://www.grainger.com.mx/producto/Manejo-de-Materiales/Herrajes-para-Levantamiento/Grilletes-Met%C3%A1licos/p/29WP64
35	D	D10	GRILLETE DE 5/8 MARCA CROSBY	1018473	CROSBY	29WP64		GRAINGER		https://www.grainger.com.mx/producto/Manejo-de-Materiales/Herrajes-para-Levantamiento/Grilletes-Met%C3%A1licos/p/29WP64
36	D	D11	GRILLETE DE 5/8 MARCA CROSBY	1018473	CROSBY	29WP64		GRAINGER		https://www.grainger.com.mx/producto/Manejo-de-Materiales/Herrajes-para-Levantamiento/Grilletes-Met%C3%A1licos/p/29WP64
37	E	E0	CAJA DE ALMACENAMIENTO PACKOUT CON INSERTO 15.01 X 38 X 52.9 CM MILWAUKEE	48-22-8450	MILWAUKEE	139212	1565.00	HOME DEPOT	285435	https://www.homedepot.com.mx/p/milwaukee-caja-de-almacenamiento-packout-con-inserto-1501-x-38-x-529-cm-milwauke-48-22-8450-139212
38	E	E1	ESCUADRA DE ACERO CON VIAL DE ACRÍLICO DE 12 PULGADAS 30 CM EMPIRE	220im	EMPIRE	133488	218.54	HOME DEPOT	280051	https://www.homedepot.com.mx/p/empire-escuadra-de-acero-con-vial-de-acrilico-de-12-pulgadas-30-cm-empire-220im-133488
39	E	E2	ESCUADRA PARA CARPINTERO 12 PULGADAS TRUPER	Ec-12	TRUPER	714462	109.18	HOME DEPOT	280051	https://www.homedepot.com.mx/p/truper-escuadra-para-carpintero-12-pulgadas-truper-ec-12-714462
40	E		CINCEL DE CORTE FRÍO 25.1 X 2.3 X 2 CM ACERO TRUPER	C-7/8x10	TRUPER	383129	101.24	HOME DEPOT	280051	https://www.homedepot.com.mx/p/truper-cincel-de-corte-frio-251-x-23-x-2-cm-acero-truper-c-78x10-383129
41	E		CINCEL DE CORTE FRÍO 15.1 x 0.8 x 1.1 CM ACERO TRUPER 5/16 X 6	C-5/16x6	TRUPER	371183	77.40	HOME DEPOT	280051	https://www.homedepot.com.mx/p/truper-cincel-de-corte-frio-151-x-08-x-11-cm-acero-truper-c-516x6-371183
42	E	E3	Calibrador vernier digital milimétrico standar Truper CALDI-6MP	14388	TRUPER	120163		FERRETERIA LA FAMA		https://ferrefama.com/products/calibrador-vernier-digital-milimetrico-standar-truper-caldi-6mp-14388
43	E	2	NIVELADOR FIJABLE PARA TUBERÍA MILWAUKEE DE 6.5 PULGADAS	48225110	MILWAUKEE	224575	832.02	HOME DEPOT	223028	https://www.homedepot.com.mx/p/milwaukee-nivelador-fijable-para-tuberia-milwauke-de-65-pulgadas-48225110-224575
44	E	E5	NIVEL MAGNÉTICO PLÁSTICO HUSKI	10790	HUSKY	840933		HOME DEPOT		https://www.homedepot.com.mx/p/husky-nivel-magnetico-plastico-huski-10790-840932
45	E	E6	NIVEL MAGNÉTICO PLÁSTICO HUSKI	10790	HUSKY	840933		HOME DEPOT		https://www.homedepot.com.mx/p/husky-nivel-magnetico-plastico-huski-10790-840933
46	E	E7	NIVELADOR FIJABLE PARA TUBERÍA MILWAUKEE DE 6.5 PULGADAS	48225110	MILWAUKEE	224575	849.00	HOME DEPOT		
47	E	E8	MICRO MAPPER MT-8200-49A FLUKE NETWORKS	MT-8200-49A	FLUKE					
48	E	E9	DESARMADRO ESTRELLA DE 2 MM							
49	F	F0	CAJA DE ALMACENAMIENTO PACKOUT CON INSERTO 15.01 X 38 X 52.9 CM MILWAUKEE	48-22-8450	MILWAUKEE	139212	1565.00	HOME DEPOT	285435	https://www.homedepot.com.mx/p/milwaukee-caja-de-almacenamiento-packout-con-inserto-1501-x-38-x-529-cm-milwauke-48-22-8450-139212
50	F	F1	KIT DE MACHUELOS MANERAL TRUPER	11442	TRUPER	HC13905		FERRETERIA CALZADA		https://ferreteriacalzada.mx/producto/juego-de-40-piezas-de-machuelos-y-tarrajas-truper-11442/
51	F	F2	SACABOCADOS DOGO TULS - 19MM 3/4"	DOGO LD1016	DOGO TULS	529130	315.15	CENTENARIO		
52	F	F4	SACABOCADOS DOGO TULS - 13MM 1/2"	DOGO LD1007	DOGO TULS	250390	165.90	CENTENARIO		
53	F	F5	SACABOCADOS DOGO TULS - 7MM 1/4"	DOGO LD 1004	DOGO TULS	140533	76.01	CENTENARIO		
54	F	F6	JUEGO DE EXTRACTORES TRUPER	EXT-5	TRUPER			TRUPER		
55	G	G0	CAJA DE ALMACENAMIENTO PACKOUT CON INSERTO 15.01 X 38 X 52.9 CM MILWAUKEE	48-22-8450	MILWAUKEE	139212	1565.00	HOME DEPOT	285435	https://www.homedepot.com.mx/p/milwaukee-caja-de-almacenamiento-packout-con-inserto-1501-x-38-x-529-cm-milwauke-48-22-8450-139212
56	G	G1	JUEGO DE BROCAS Y CINCELES SDS PLUS 65.3 X 24.2 X 103.2 CM ACERO DEWALT 15 PIEZAS	Dwa0870	DEWALT	119665	847.70	HOME DEPOT	365123	https://www.homedepot.com.mx/p/dewalt-set-de-15-brocas-y-cinceles-sds-plus-dwa0870-119665
57	G	G2	JUEGO 15 BROCAS AAV USOGRAL 1 1/16"-1/2"	G5115	TRUPER			CENTENARIO		
58	G	G3	KIT DE BROCAS ESCALONADAS TRUPER	101557	TRUPER	JBES-3X		GRUPO TRUPER		https://www.truper.com/ficha_tecnica/Juego-de-brocas-escalonadas-titanio-3-piezas-Expert.html?code=101557
59	G	G4	FRESA DE CARBURO DE TUNGSTENO	SF-5 D/C CLAVE 120	TENAZ IT					
60	H	H0	CAJA DE ALMACENAMIENTO PACKOUT CON INSERTO 15.01 X 38 X 52.9 CM MILWAUKEE	48-22-8450	MILWAUKEE	139212	1565.00	HOME DEPOT	285435	https://www.homedepot.com.mx/p/milwaukee-caja-de-almacenamiento-packout-con-inserto-1501-x-38-x-529-cm-milwauke-48-22-8450-139212
61	H	H1	LIMA REDONDA PARA METAL 6 PULGADAS ACERO BELLOTA	6400406f1bl	BELLOTA	137911		HOME DEPOT		https://www.homedepot.com.mx/p/bellota-lima-redonda-para-metal-6-pulgadas-acero-bellota-6400406f1bl-137911
62	H	H2	LIMA MEDIA CAÑA PARA METAL 6 PULGADAS ACERO BELLOTA	6400306b1bl	BELLOTA	137914		HOME DEPOT		https://www.homedepot.com.mx/p/bellota-lima-media-cana-para-metal-6-pulgadas-acero-bellota-6400306b1bl-137914
63	H	H3	LIMA TRIANGULAR 24.4 X 1 X 0.6 CM ACERO BELLOTA	64091081bl	BELLOTA	137916		HOME DEPOT		https://www.homedepot.com.mx/p/bellota-lima-triangular-244-x-1-x-06-cm-acero-bellota-64091081bl-137916
64	H	H4	MAZO DE HULE 16 ONZAS TRUPER	Mh-16	TRUPER	462668		HOME DEPOT		https://www.homedepot.com.mx/p/truper-mazo-de-hule-16-onzas-truper-mh-16-462668
65	H	H5	MARTILLO DE UÑA CURVA 16 ONZAS ACERO TRUPER	Ma-16f	TRUPER	449645		HOME DEPOT		https://www.homedepot.com.mx/p/truper-martillo-de-una-curva-16-onzas-acero-truper-ma-16f-449645
66	H	H6	MARTILLO DE UÑA CURVA 16 ONZAS ACERO TRUPER	Ma-16f	TRUPER	449645		HOME DEPOT		https://www.homedepot.com.mx/p/truper-martillo-de-una-curva-16-onzas-acero-truper-ma-16f-449646
67	H	H7	LLAVE PARA TUBO DE 14 PULGADAS ACERO HUSKY	73126	HUSKY	128368		HOME DEPOT		https://www.homedepot.com.mx/p/husky-llave-para-tubo-de-14-pulgadas-acero-husky-73126-128368
68	H	H8	LLAVE PARA TUBO DE 14 PULGADAS ACERO HUSKY	73126	HUSKY	128368		HOME DEPOT		https://www.homedepot.com.mx/p/husky-llave-para-tubo-de-14-pulgadas-acero-husky-73126-128369
69	H	H9	CINCEL DE 5/16X6		TRUPER					
70	H	H10	CINCEL DE 7/8 X 10		TRUPER					
71	I	I0	CAJA DE ALMACENAMIENTO PACKOUT CON INSERTO 15.01 X 38 X 52.9 CM MILWAUKEE	48-22-8450	MILWAUKEE	139212	1565.00	HOME DEPOT	285435	https://www.homedepot.com.mx/p/milwaukee-caja-de-almacenamiento-packout-con-inserto-1501-x-38-x-529-cm-milwauke-48-22-8450-139212
72	I	I1	PINZAS DE ELECTRICISTA DE 22.9 CM EN ACERO HUSKY	709195	HUSKY	709195	445.90	HOME DEPOT	280051	https://www.homedepot.com.mx/p/husky-pinzas-de-electricista-de-229-cm-en-acero-husky-709195-709195
73	I	I2	PINZAS DE ELECTRICISTA DE 22.9 CM EN ACERO HUSKY	709195	HUSKY	709195	445.90	HOME DEPOT	280051	https://www.homedepot.com.mx/p/husky-pinzas-de-electricista-de-229-cm-en-acero-husky-709195-709196
74	I	I3	PINZAS EN DIAGONAL DE 17.8 CM ACERO HUSKY	903465	HUSKY	903465	283.24	HOME DEPOT	280051	https://www.homedepot.com.mx/p/husky-pinzas-en-diagonal-de-178-cm-acero-husky-903465-903465
75	I	I4	PINZAS EN DIAGONAL DE 17.8 CM ACERO HUSKY	903465	HUSKY	903465	283.24	HOME DEPOT	280051	https://www.homedepot.com.mx/p/husky-pinzas-en-diagonal-de-178-cm-acero-husky-903465-903466
76	I	I5	JUEGO DE DESARMADORES 12 PIEZAS HUSKY	246340150	HUSKY	109898		HOME DEPOT	280051	https://www.homedepot.com.mx/p/husky-juego-de-desarmadores-15-piezas-husky-246340150-109898
77	I	I5,1	DESARMADOR P1	246340150	HUSKY	109898		HOME DEPOT	280051	
78	I	I5,2	DESARMADOR P1	246340150	HUSKY	109898		HOME DEPOT	280051	
79	I	I5,3	DESARMADOR P2	246340150	HUSKY	109898		HOME DEPOT	280051	
80	I	I5,4	DESARMADOR P2	246340150	HUSKY	109898		HOME DEPOT	280051	
81	I	I5,5	DESARMADOR P2	246340150	HUSKY	109898		HOME DEPOT	280051	
82	I	I5,6	DESARMADOR P2	246340150	HUSKY	109898		HOME DEPOT	280051	
83	I	I5,7	DESARMADOR 1/4	246340150	HUSKY	109898		HOME DEPOT	280051	
84	I	I5,8	DESARMADOR 1/4	246340150	HUSKY	109898		HOME DEPOT	280051	
85	I	I5,9	DESARMADOR 1/4	246340150	HUSKY	109898		HOME DEPOT	280051	
86	I	I5,10	DESARMADOR 1/4	246340150	HUSKY	109898		HOME DEPOT	280051	
87	I	I5,11	DESARMADOR 3/16	246340150	HUSKY	109898		HOME DEPOT	280051	
88	I	I5,12	DESARMADOR 3/16	246340151	HUSKY	109898		HOME DEPOT	280051	
89	J	J0	CAJA DE ALMACENAMIENTO PACKOUT CON INSERTO 15.01 X 38 X 52.9 CM MILWAUKEE	48-22-8450	MILWAUKEE	139212	1565.00	HOME DEPOT	285435	https://www.homedepot.com.mx/p/milwaukee-caja-de-almacenamiento-packout-con-inserto-1501-x-38-x-529-cm-milwauke-48-22-8450-139212
90	J	J1	LLAVE AJUSTABLE DE 12"	17018	HUSKY	128380		HOME DEPOT		https://www.homedepot.com.mx/p/husky-llave-ajustable-de-12-pulgadas-acero-husky-17018-128380
91	J	J2	LLAVE AJUSTABLE DE 12"	17018	HUSKY	128380		HOME DEPOT		https://www.homedepot.com.mx/p/husky-llave-ajustable-de-12-pulgadas-acero-husky-17018-128381
92	J	J3	LLAVE AJUSTABLE DE 12"	17018	HUSKY	128380		HOME DEPOT		https://www.homedepot.com.mx/p/husky-llave-ajustable-de-12-pulgadas-acero-husky-17018-128382
93	J	J4	LLAVE AJUSTABLE DE 8 PULGADAS ACERO HUSKY	17016	HUSKY	128377		HOME DEPOT		https://www.homedepot.com.mx/p/husky-llave-ajustable-de-8-pulgadas-acero-husky-17016-128377
94	J	J5	LLAVE AJUSTABLE DE 8 PULGADAS ACERO HUSKY	17016	HUSKY	128377		HOME DEPOT		https://www.homedepot.com.mx/p/husky-llave-ajustable-de-8-pulgadas-acero-husky-17016-128377
95	J	J6	LLAVE AJUSTABLE DE 8 PULGADAS ACERO HUSKY	17016	HUSKY	128377		HOME DEPOT		https://www.homedepot.com.mx/p/husky-llave-ajustable-de-8-pulgadas-acero-husky-17016-128377
96	J	J7	Pinza De Chofer De 8″	17301	TRUPER	H256724		FERRETERIA CALZADA		https://ferreteriacalzada.mx/producto/pinza-de-chofer-de-8-truper-17301/
97	J	J8	Pinza De Chofer De 8″	17301	TRUPER	H256724		FERRETERIA CALZADA		https://ferreteriacalzada.mx/producto/pinza-de-chofer-de-8-truper-17301/
98	J	J9	Pinza De Chofer De 6″	Pch-6	TRUPER	35675		HOME DEPOT		https://www.homedepot.com.mx/p/truper-pinzas-de-chofer-de-6-pulgadas-acero-truper-pch-6-35675
99	J	J10	Pinza De Chofer De 6″	Pch-6	TRUPER	35675		HOME DEPOT		https://www.homedepot.com.mx/p/truper-pinzas-de-chofer-de-6-pulgadas-acero-truper-pch-6-35675
100	J	J11	FLEXÓMETRO/CINTA MÉTRICA DE 5M STANLEY	30-615	STANLEY	237599		HOME DEPOT		https://www.homedepot.com.mx/p/stanley-flexometro-cinta-metrica-de-5m-stanley-30-615-237599
101	J	J12	FLEXÓMETRO/CINTA MÉTRICA DE 5M STANLEY	30-615	STANLEY	237599		HOME DEPOT		https://www.homedepot.com.mx/p/stanley-flexometro-cinta-metrica-de-5m-stanley-30-615-237600
102	J	J13	FLEXÓMETRO/CINTA MÉTRICA DE 5M STANLEY	30-615	STANLEY	237599		HOME DEPOT		https://www.homedepot.com.mx/p/stanley-flexometro-cinta-metrica-de-5m-stanley-30-615-237601
103	K	K0	CAJA DE ALMACENAMIENTO PACKOUT CON INSERTO 15.01 X 38 X 52.9 CM MILWAUKEE	48-22-8450	MILWAUKEE	139212	1565.00	HOME DEPOT	285435	https://www.homedepot.com.mx/p/milwaukee-caja-de-almacenamiento-packout-con-inserto-1501-x-38-x-529-cm-milwauke-48-22-8450-139212
104	K	K1	JUEGO DE LLAVES COMBINADAS DE TRINQUETE REVERSIBLE 17.5 X 24.5 X 4.5 CM DE ACERO HUSKY 7 PIEZAS	Hrrw7pcsaemx	HUSKY	165760		HOME DEPOT		https://www.homedepot.com.mx/p/husky-juego-de-llaves-combinadas-de-trinquete-reversible-175-x-245-x-45-cm-de-acero-husky-7-piezas-hrrw7pcsaemx-165760
105	K	K2	JUEGO DE LLAVES COMBINADAS HUSKY BITE 10 PIEZAS ESTÁNDAR	Hbcw10xls	HUSKY	217405		HOME DEPOT		https://www.homedepot.com.mx/p/husky-juego-de-llaves-combinadas-husky-bite-10-piezas-estandar-hbcw10xls-217405
106	L	L0	CAJA DE ALMACENAMIENTO PACKOUT CON INSERTO 15.01 X 38 X 52.9 CM MILWAUKEE	48-22-8450	MILWAUKEE	139212	1565.00	HOME DEPOT	285435	https://www.homedepot.com.mx/p/milwaukee-caja-de-almacenamiento-packout-con-inserto-1501-x-38-x-529-cm-milwauke-48-22-8450-139212
107	L	L1	PINZA DE PRESIÓN TIPO C TORQUE LOCK DE 11 PULGADAS MILWAUKEE	48223531	MILWAUKEE	109796	528.22	HOME DEPOT	109796	https://www.homedepot.com.mx/p/milwaukee-pinza-de-presion-tipo-c-torque-lock-de-11-pulgadas-milwauke-48223531-109796
108	L	L2	PINZA DE PRESIÓN TIPO C TORQUE LOCK DE 11 PULGADAS MILWAUKEE	48223531	MILWAUKEE	109796	528.22	HOME DEPOT	109796	https://www.homedepot.com.mx/p/milwaukee-pinza-de-presion-tipo-c-torque-lock-de-11-pulgadas-milwauke-48223531-109797
109	L	L3	PINZA DE PRESIÓN DE 7 PULGADAS DE METAL HUSKY	BUSCAR EN FACTURA	HUSKY	709207	416.50	HOME DEPOT	365123	https://www.homedepot.com.mx/p/husky-pinza-de-presion-de-7-pulgadas-de-metal-husky-de-mordaza-recta-709207
110	L	L4	PINZA DE PRESIÓN DE 7 PULGADAS DE METAL HUSKY	BUSCAR EN FACTURA	HUSKY	709208	416.50	HOME DEPOT	365123	https://www.homedepot.com.mx/p/husky-pinza-de-presion-de-7-pulgadas-de-metal-husky-de-mordaza-recta-709208
111	L	L5	PINZA DE PRESIÓN EN C TORQUE LOCK DE 6 PULGADAS ACERO MILWAUKEE	48-22-3532	MILWAUKEE	109804	405.00	HOME DEPOT	223028	https://www.homedepot.com.mx/p/milwaukee-pinza-de-presion-en-c-torque-lock-de-6-pulgadas-acero-milwauke-48-22-3532-109804
112	L	L6	PINZA DE PRESIÓN EN C TORQUE LOCK DE 6 PULGADAS ACERO MILWAUKEE	48-22-3532	MILWAUKEE	109804	405.00	HOME DEPOT	223028	https://www.homedepot.com.mx/p/milwaukee-pinza-de-presion-en-c-torque-lock-de-6-pulgadas-acero-milwauke-48-22-3532-109805
113	L	L7	PINZAS DE PRESIÓN DE MORDAZA CURVA HUSKY	709204	HUSKY	709204	357.70	HOME DEPOT	223028	https://www.homedepot.com.mx/p/husky-pinzas-de-presion-de-mordaza-curva-husky-709204-709204
114	L	L8	PINZAS DE PRESIÓN DE MORDAZA CURVA HUSKY	709204	HUSKY	709204	357.70	HOME DEPOT	223028	https://www.homedepot.com.mx/p/husky-pinzas-de-presion-de-mordaza-curva-husky-709204-709205
115	M	M0	CAJA DE ALMACENAMIENTO PACKOUT CON INSERTO 15.01 X 38 X 52.9 CM MILWAUKEE	48-22-8450	MILWAUKEE	139212	1565.00	HOME DEPOT	285435	https://www.homedepot.com.mx/p/milwaukee-caja-de-almacenamiento-packout-con-inserto-1501-x-38-x-529-cm-milwauke-48-22-8450-139212
116	M	M1	MINI-ESMERILADORA ANGULAR ALAMBRICA 4 1/2" 7 AMP. MILWAUKEE	613033	MILWAUKEE	197226	1423.53	HOME DEPOT	363658	https://www.homedepot.com.mx/p/milwaukee-mini-esmeriladora-angular-alambrica-4-1-2-7-amp-milwauke-6130-33-197226
117	M	M2	MINI-ESMERILADORA ANGULAR ALAMBRICA 4 1/2" 7 AMP. MILWAUKEE	613033	MILWAUKEE	197226	1423.53	HOME DEPOT	363658	https://www.homedepot.com.mx/p/milwaukee-mini-esmeriladora-angular-alambrica-4-1-2-7-amp-milwauke-6130-33-197226
118	N	N0	CAJA DE ALMACENAMIENTO PACKOUT CON INSERTO 15.01 X 38 X 52.9 CM MILWAUKEE	48-22-8450	MILWAUKEE	139212	1565.00	HOME DEPOT	285435	https://www.homedepot.com.mx/p/milwaukee-caja-de-almacenamiento-packout-con-inserto-1501-x-38-x-529-cm-milwauke-48-22-8450-139212
119	N	N1	JUEGO DE EXTENSIONES OSCILANTES 3 PIEZAS HUSKY	106545	HUSKY	106459		HOME DEPOT		https://www.homedepot.com.mx/p/husky-juego-de-extensiones-oscilantes-3-piezas-husky-106545-106459
120	N	N2	JUEGO DE ADAPTADORES 1/4 1/2 Y 3/8 DE PULGADA 3 PIEZAS HUSKY	106475	HUSKY	106475	333.71	HOME DEPOT	223028	https://www.homedepot.com.mx/p/husky-juego-de-adaptadores-1-4-1-2-y-3-8-de-pulgada-3-piezas-husky-106475-106475
121	O	O0	CAJA DE ALMACENAMIENTO PACKOUT CON INSERTO 15.01 X 38 X 52.9 CM MILWAUKEE	48-22-8450	MILWAUKEE	139212	1565.00	HOME DEPOT	285435	https://www.homedepot.com.mx/p/milwaukee-caja-de-almacenamiento-packout-con-inserto-1501-x-38-x-529-cm-milwauke-48-22-8450-139212
122	O	O1	TARRAJA DE TUBO RIDGID 3/4"	36475	RIDGID	36475	17314.40	CENTENARIO		https://ferreteriacalzada.mx/producto/tarraja-manual-ridgid-36475-12-r-de-1-2-2/
123	O	O2	TARRAJA DE TUBO RIDGID 1/2"	36475	RIDGID	36475	-	CENTENARIO		https://ferreteriacalzada.mx/producto/tarraja-manual-ridgid-36475-12-r-de-1-2-2/
124	O	O3	TARRAJA DE TUBO RIDGID 1" - 2"	36475	RIDGID	36475	-	CENTENARIO		https://ferreteriacalzada.mx/producto/tarraja-manual-ridgid-36475-12-r-de-1-2-2/
125	O	O4	TARRAJA DE TUBO RIDGID 1 1/4"	36475	RIDGID	36475	-	CENTENARIO		https://ferreteriacalzada.mx/producto/tarraja-manual-ridgid-36475-12-r-de-1-2-2/
126	O	O5	TARRAJA DE TUBO RIDGID 1 1/2"	36475	RIDGID	36475	-	CENTENARIO		https://ferreteriacalzada.mx/producto/tarraja-manual-ridgid-36475-12-r-de-1-2-2/
127	O	O6	TARRAJA DE TUBO RIDGID  2"	36475	RIDGID	36475	-	CENTENARIO		https://ferreteriacalzada.mx/producto/tarraja-manual-ridgid-36475-12-r-de-1-2-2/
128	P	P0	CAJA DE ALMACENAMIENTO PACKOUT CON INSERTO 15.01 X 38 X 52.9 CM MILWAUKEE	48-22-8450	MILWAUKEE	139212	1565.00	HOME DEPOT	285435	https://www.homedepot.com.mx/p/milwaukee-caja-de-almacenamiento-packout-con-inserto-1501-x-38-x-529-cm-milwauke-48-22-8450-139212
129	P	P1	JUEGO DE LLAVES TORX TIPO NAVAJA ESTÁNDAR/MM	Hfhk3pcsetmx	HUSKY	149798		HOME DEPOT		https://www.homedepot.com.mx/p/husky-juego-de-llaves-torx-tipo-navaja-estandar-mm-3-piezas-hfhk3pcsetmx-149798
130	P	P10	DADO 17 MM ACERO HUSKY	H3d6p17mmmx	HUSKY	129323		HOME DEPOT		https://www.homedepot.com.mx/p/husky-dado-17-mm-acero-husky-h3d6p17mmmx-129323
131	P	P11	DADO 16 MM ACERO HUSKY	106503	HUSKY	106503	79.00	HOME DEPOT		https://www.homedepot.com.mx/p/husky-dado-16-mm-acero-husky-106503-106503
132	P	P12	DADO15 MM ACERO HUSKY	H3d6p15mmmx	HUSKY	129322	48.02	HOME DEPOT	280051	https://www.homedepot.com.mx/p/husky-dado15-mm-acero-husky-h3d6p15mmmx-129322
133	P	P13	DADO15 MM ACERO HUSKY	H3d6p15mmmx	HUSKY	129322	48.02	HOME DEPOT	280051	https://www.homedepot.com.mx/p/husky-dado15-mm-acero-husky-h3d6p15mmmx-129322
134	P	P14	DADO DE 14 MM ACERO HUSKY	H3d6p14mmmx	HUSKY	129321	48.02	HOME DEPOT	280051	https://www.homedepot.com.mx/p/husky-dado-de-14-mm-acero-husky-h3d6p14mmmx-129321
135	P	P15	DADO DE 13 MM ACERO HUSKY	H3d6p13mmmx	HUSKY	129320		HOME DEPOT		https://www.homedepot.com.mx/p/husky-dado-de-13-mm-acero-husky-h3d6p13mmmx-129320
136	P	P16	DADO PARA MATRACA 12 MM ACERO HUSKY	H3d6p12mmmx	HUSKY	129319		HOME DEPOT		https://www.homedepot.com.mx/p/husky-dado-para-matraca-12-mm-acero-husky-h3d6p12mmmx-129319
137	P	P17	DADO  11 MM ACERO HUSKY	BUSCAR EN FACTURA	HUSKY			HOME DEPOT		
138	P	P18	DADO DE 10 MM ACERO HUSKY	H3d6p10mmmx	HUSKY	129318		HOME DEPOT		https://www.homedepot.com.mx/p/husky-dado-de-10-mm-acero-husky-h3d6p10mmmx-129318
139	P	P19	DADO PARA AJUSTAR 5/16 DE PULGADA ACERO HUSKY	106513	HUSKY	106513		HOME DEPOT		https://www.homedepot.com.mx/p/husky-dado-para-ajustar-5-16-de-pulgada-acero-husky-106513-106513
140	P	P2	JUEGO DE LLAVES TORX TIPO NAVAJA ESTÁNDAR/MM	Hfhk3pcsetmx	HUSKY	149798		HOME DEPOT		https://www.homedepot.com.mx/p/husky-juego-de-llaves-torx-tipo-navaja-estandar-mm-3-piezas-hfhk3pcsetmx-149799
141	P	P20	DADO 7/16 DE PULGADA ACERO HUSKY	106515	HUSKY	106515		HOME DEPOT		https://www.homedepot.com.mx/p/husky-dado-7-16-de-pulgada-acero-husky-106515-106515
142	P	P21	DADO 7/16 DE PULGADA ACERO HUSKY	106515	HUSKY	106515		HOME DEPOT		https://www.homedepot.com.mx/p/husky-dado-para-ajustar-5-16-de-pulgada-acero-husky-106513-106514
143	P	P22	DADO 7/16 DE PULGADA ACERO HUSKY	106515	HUSKY	106515		HOME DEPOT		https://www.homedepot.com.mx/p/husky-dado-para-ajustar-5-16-de-pulgada-acero-husky-106513-106514
144	P	P23	DADO PARA MATRACA DE 1/2 PULGADA ACERO HUSKY	106512	HUSKY	106512		HOME DEPOT		https://www.homedepot.com.mx/p/husky-dado-para-matraca-de-1-2-pulgada-acero-husky-106512-106512
145	P	P24	DADO PARA MATRACA DE 1/2 PULGADA ACERO HUSKY	106512	HUSKY	106512		HOME DEPOT		https://www.homedepot.com.mx/p/husky-dado-para-matraca-de-1-2-pulgada-acero-husky-106512-106512
146	P	P25	DADO 3/4 DE PULGADA ACERO HUSKY	106507	HUSKY	106507		HOME DEPOT		https://www.homedepot.com.mx/p/husky-dado-3-4-de-pulgada-acero-husky-106507-106507
147	P	P26	DADO 3/4 DE PULGADA ACERO HUSKY	106507	HUSKY	106507		HOME DEPOT		https://www.homedepot.com.mx/p/husky-dado-3-4-de-pulgada-acero-husky-106507-106507
148	P	P27	DADO 3/4 DE PULGADA ACERO HUSKY	106507	HUSKY	106507		HOME DEPOT		https://www.homedepot.com.mx/p/husky-dado-3-4-de-pulgada-acero-husky-106507-106507
149	P	P28	DADO 15/16 DE PULGADA ACERO HUSKY	106483	HUSKY	106483	77.42	HOME DEPOT	280051	https://www.homedepot.com.mx/p/husky-dado-15-16-de-pulgada-acero-husky-106483-106483
150	P	P29	DADO 1 PULGADA ACERO HUSKY	106482	HUSKY	106482	77.41	HOME DEPOT		https://www.homedepot.com.mx/p/husky-dado-1-pulgada-acero-husky-106482-106482
151	P	P3	JUEGO DE LLAVES TORX TIPO NAVAJA ESTÁNDAR/MM	Hfhk3pcsetmx	HUSKY	149798		HOME DEPOT		https://www.homedepot.com.mx/p/husky-juego-de-llaves-torx-tipo-navaja-estandar-mm-3-piezas-hfhk3pcsetmx-149800
152	P	P30	DADO 3/8 DE PULGADA ACERO HUSKY	106514	HUSKY	106514		HOME DEPOT		https://www.homedepot.com.mx/p/husky-dado-3-8-de-pulgada-acero-husky-106514-106514
153	P	P31	DADO 9/16 DE PULGADA ACERO HUSKY	106511	HUSKY	106511		HOME DEPOT		https://www.homedepot.com.mx/p/husky-dado-9-16-de-pulgada-acero-husky-106511-106511
154	P	P32	DADO 5/8 DE PULGADA ACERO HUSKY	106510	HUSKY	106510		HOME DEPOT		https://www.homedepot.com.mx/p/husky-dado-5-8-de-pulgada-acero-husky-106510-106510
155	P	P33	DADO DE 11/16 DE PULGADA ACERO HUSKY	106509	HUSKY	106509		HOME DEPOT		https://www.homedepot.com.mx/p/husky-dado-de-11-16-de-pulgada-acero-husky-106509-106509
156	P	P34	DADO PARA HERRAMIENTAS DE CUADRO 13/16 DE PULGADA ACERO HUSKY	106485	HUSKY	106485		HOME DEPOT		https://www.homedepot.com.mx/p/husky-dado-para-herramientas-de-cuadro-13-16-de-pulgada-acero-husky-106485-106485
157	P	P35	DADO 7/8 DE PULGADA ACERO HUSKY	106484	HUSKY	106484		HOME DEPOT		https://www.homedepot.com.mx/p/husky-dado-7-8-de-pulgada-acero-husky-106484-106484
158	P	P36	BARRA DE EXTENSIÓN 21.5 CM (6") METAL HUSKY	H3dext6mx	HUSKY	129311		HOME DEPOT		https://www.homedepot.com.mx/p/husky-barra-de-extension-215-cm-metal-husky-h3dext6mx-129311
159	P	P37	BARRA DE EXTENSIÓN 10" METAL HUSKY	BUSCAR EN FACTURA	HUSKY			HOME DEPOT		
160	P	P38	PALANCA DE EXTENSIÓN 3/8 DE PULGADA ACERO HUSKY	H38bb10mx	HUSKY	106480		HOME DEPOT		https://www.homedepot.com.mx/p/husky-palanca-de-extension-3-8-de-pulgada-acero-husky-h38bb10mx-106480
161	P	P39	ADAPTADOR 1/4	106475	HUSKY	106475	333.71	HOME DEPOT	223028	https://www.homedepot.com.mx/p/husky-juego-de-adaptadores-1-4-1-2-y-3-8-de-pulgada-3-piezas-husky-106475-106475
162	P	P4	JUEGO DE LLAVES TORX TIPO NAVAJA ESTÁNDAR/MM	Hfhk3pcsetmx	HUSKY	149798		HOME DEPOT		https://www.homedepot.com.mx/p/husky-juego-de-llaves-torx-tipo-navaja-estandar-mm-3-piezas-hfhk3pcsetmx-149801
163	P	P40	ADAPTADOR 1/2	106475	HUSKY	106475	333.71	HOME DEPOT	223028	https://www.homedepot.com.mx/p/husky-juego-de-adaptadores-1-4-1-2-y-3-8-de-pulgada-3-piezas-husky-106475-106475
164	P	P41	ADAPTADOR 3/8	106475	HUSKY	106475	333.71	HOME DEPOT	223028	https://www.homedepot.com.mx/p/husky-juego-de-adaptadores-1-4-1-2-y-3-8-de-pulgada-3-piezas-husky-106475-106475
165	P	P5	JUEGO DE LLAVES TORX TIPO NAVAJA ESTÁNDAR/MM	Hfhk3pcsetmx	HUSKY	149798		HOME DEPOT		https://www.homedepot.com.mx/p/husky-juego-de-llaves-torx-tipo-navaja-estandar-mm-3-piezas-hfhk3pcsetmx-149802
166	P	P6	JUEGO DE LLAVES TORX TIPO NAVAJA ESTÁNDAR/MM	Hfhk3pcsetmx	HUSKY	149798		HOME DEPOT		https://www.homedepot.com.mx/p/husky-juego-de-llaves-torx-tipo-navaja-estandar-mm-3-piezas-hfhk3pcsetmx-149803
167	P	P7	DADO 19 MM ACERO HUSKY	129326	HUSKY	129326		HOME DEPOT		https://www.homedepot.com.mx/p/husky-dado-19-mm-acero-husky-129326-129326
168	P	P8	DADO 18 MM ACERO HUSKY	H3d6p18mmmx	HUSKY	129325	48.02	HOME DEPOT	280051	https://www.homedepot.com.mx/p/husky-dado-18-mm-acero-husky-h3d6p18mmmx-129325
169	P	P9	DADO 18 MM ACERO HUSKY	H3d6p18mmmx	HUSKY	129325	48.02	HOME DEPOT	280051	https://www.homedepot.com.mx/p/husky-dado-18-mm-acero-husky-h3d6p18mmmx-129325
170	Q	Q0	CAJA DE ALMACENAMIENTO PACKOUT CON INSERTO 15.01 X 38 X 52.9 CM MILWAUKEE	48-22-8450	MILWAUKEE	139212	1565.00	HOME DEPOT	285435	https://www.homedepot.com.mx/p/milwaukee-caja-de-almacenamiento-packout-con-inserto-1501-x-38-x-529-cm-milwauke-48-22-8450-139212
171	Q	Q1	NAVAJA RETRÁCTIL 22.4 X 8.8 X 2 CM ACERO ANVIL	99735a	ACERO ANVIL	137360	63.70	HOME DEPOT	280051	https://www.homedepot.com.mx/p/anvil-navaja-retractil-224-x-88-x-2-cm-acero-anvil-99735a-137360
172	Q	Q2	MICRO MAPPER MT-8200-49A FLUKE NETWORKS	MT-8200-49A	FLUKE			TECNOSINERGIA		https://tecnosinergia.com/catalogo/item/mt-8200-49a.html
173	Q	Q3	ESCUADRA MAGNÉTICA 4" PARA SOLDAR, CAPACIDAD 22 KG, TRUPER	15407	TRUPER					
174	Q	Q4	JUEGO DE EXTRACTOR QUIJADA RECTA 6TON 20 PIEZAS SIN CAJA URREA	4212	URREA	4525555	5521.60	CENTENARIO		https://ferreteriacalzada.mx/producto/extractor-de-quijadas-rectas-6t-urrea-4216/
175	R	R0	CAJA DE ALMACENAMIENTO PACKOUT CON INSERTO 15.01 X 38 X 52.9 CM MILWAUKEE	48-22-8450	MILWAUKEE	139212	1565.00	HOME DEPOT	285435	https://www.homedepot.com.mx/p/milwaukee-caja-de-almacenamiento-packout-con-inserto-1501-x-38-x-529-cm-milwauke-48-22-8450-139212
176	R	R1	NIVELADOR LÁSER VERDE BOSCH	Gll 12-22 g	BOSCH	221419	1763.01	HOME DEPOT	217518	https://www.homedepot.com.mx/p/bosch-nivelador-laser-verde-bosch-gll-12-22-g-221419
177	R	R2	SIERRA CALADORA RYOBI 600-3000 CPM 580 W	Js481lg	RYOBI	103119	730.78	HOME DEPOT	363658	https://www.homedepot.com.mx/p/ryobi-sierra-caladora-ryobi-600-3000-cpm-580-w-js481lg-103119
178	R	R3	M18 LIJADORA ORBITAL INALÁMBRICA DE 5" DE 18V	2648-20	MILWAUKEE	148664	3547.43	HOME DEPOT	280051	https://www.homedepot.com.mx/p/milwaukee-m18-lijadora-orbital-inalambrica-de-5-de-18v-solo-herramienta-2648-20-148664
179	S	S0	CAJA DE HERRAMIENTA PACKOUT CON LLANTAS 67 X 49 X 47.24 CM MILWAUKEE	48-22-8426	MILWAUKEE	139086		HOME DEPOT		https://www.homedepot.com.mx/p/milwaukee-caja-de-herramienta-packout-con-llantas-67-x-49-x-4724-cm-milwauke-48-22-8426-139086
180	COMPRAR	TPC0	PACKOUT 18.6 in. Tool Storage Crate Bin with Carrying Handles and 50 lbs. Weight Capacity	48-22-8440	MILWAUKEE	48-22-8440		RISOUL		
181	COMPRAR	TPC1	ROSCADORA DE TUBOS INALAMBRICA	2874-22HD	MILWAUKEE	2874-22HD		RISOUL		
182	COMPRAR	TPC10	KIT HERRAMIENTA M18™ FORCELOGIC KNOCKOUT C 1/2" - 4" KIT MCA	2677-23	MILWAUKEE	2677-23		RISOUL		
183	ALMACEN	TPC11	HOJAS DE SIERRA DE BANDA 3 UNIDADES MCA MILWAUKEE	49-39-0601	MILWAUKEE	49-39-0601		RISOUL		
184	Acomodar	TPC12	Seguetta con arco	15- 555	STANLEY	858108	151.22	HOME DEPOT		https://www.homedepot.com.mx/p/stanley-arco-de-sierra-ajustable-de-para-8-10-y-12-pulgadas-amarillo-15-555-858108
185	Acomodar	TPC13	Tazon magnetico HUSKY	129 291	HUSKY	129291	435.00	HOME DEPOT	363658	https://www.homedepot.com.mx/p/husky-tazon-magnetico-323-gr-48-cm-acero-husky-129-291-129291
186	Acomodar	TPC14	SIERRA SABLE 3/4", 12 AMP.	6509-31	MILWAUKEE	474409	3749.00	HOME DEPOT MEXICO		https://www.homedepot.com.mx/p/milwaukee-sierra-sable-3-4-12-amp-300-cortes-por-minuto-incluye-estuche-milwauke-6509-31-474409
187	Acomodar	TPC2	Nivel de regla largo.	17036	TRUPER			HOME DEPOT MEXICO		
188	COMPRAR	TPC3	M18 FUEL PACKOUT 18-Volt Lithium-Ion Cordless 2.5 Gal. Wet/Dry Vacuum (Vacuum-Only)	0970-20	MILWAUKEE	0970-20		RISOUL		
189	Acomodar	TPC4	Cargador de baterias 6pack	48-59-1806	MILWAUKEE			AMAZON		
190	COMPRAR	TPC5	Pila M18 Sencilla	48111820	MILWAUKEE	108358	2085.00	HOME DEPOT		https://www.homedepot.com.mx/p/milwaukee-bateria-milwauke-m18-cp20-48111820-108358
191	Acomodar	TPC6	Aceitera flexible 32 OZ	2265	Urrea			CENTENARIO		
192	ALMACEN	TPC7	SPEAKER M12 PACKOUT	2955-20	MILWAUKEE	2955-20		RISOUL		
193	COMPRAR	TPC8	SIERRA DE BANDA DE CORTE M18 FUEL™	2729-20	MILWAUKEE	2729-20		RISOUL		
194	COMPRAR	TPC9	(16) PLACA DE MONTAJE PACKOUT	48-22-8485	MILWAUKEE	48-22-8485		CENTRO DE HERRAMIENTAS		
