fecha	po	proveedor	descripcion_odoo	qty	precio_unit_mxn	moneda	qty_recibida	clase	cruza_con_listado	nota
2024-10-09	P00107	ROMPEDORA Y COMPACTADORAS	D36463 - MAKITA CINCEL SDS MAX 30CM	1	297.00	MXN	1	consumible_accesorio		SDS MAX, no hay rotomartillo SDS MAX propio (se renta)
2024-10-11	P00145	RISOUL Y CIA SA DE CV	SOFTWARE KIT DE HERRAMIENTA TOOLKIT ROC…	1	5785.94	USD	1	no_herramienta		software Rockwell
2024-10-17	P00247	SERVICIOS FTS	Kit de Cortador para PVC Inalámbrica	1	7600.00	MXN	0	herramienta_no_listada		qty_recibida 0: verificar si llegó
2024-10-23	P00324	FerremayoreoElizondo	EXTRACTOR REVERSIBLE 2 O 3 QUIJADAS 7TON	1	1808.01	MXN	1	herramienta_no_listada
2024-10-23	P00324	FerremayoreoElizondo	MATRACA 1/2" CABEZA DE PERA SURTEK F5849	1	324.00	MXN	1	herramienta_no_listada		no hay matraca en el listado
2024-10-25	P00339	Industrias GSL	PINZA MULTIHERRAMIENTA 999MULTITOOL	2	266.38	MXN	2	herramienta_no_listada
2024-10-31	P00400	SANTIAGO GUADALUPE CANDANOSA CANTU	RENTA DE ROTOMARTILLO	3	400.00	MXN	3	renta
2024-11-28	P01047	FerremayoreoElizondo	LLAVE CORONA DE MATRACA ACODADA 3/8 X 7/16	1	239.20	MXN		herramienta_no_listada
2024-11-28	P01047	FerremayoreoElizondo	LLAVE CORONADA DE MATRACA PLANA 3/8 X 7/16	1	208.00	MXN		herramienta_no_listada
2024-12-27	P01530	ferreteria centenario de monterrey	BAUL (2142) GREENLEE 2142	1	12526.16	MXN		contenedor		baúl de obra, no Packout
2025-01-03	P01575	ferreteria centenario de monterrey	BAUL DE 48" PARA LUGAR DE TRABAJO JSB48…	1	13204.08	MXN	1	contenedor		baúl de obra
2025-01-06	P01581	FERREMAYOREO ELIZONDO	LLAVE AJUSTABLE DE 12"	1	308.00	MXN		reposicion	J1-J3
2025-01-10	P01765	The Home Depot México	MILWAUKEE COMBO DE HERRAMIENTAS M18	1	6629.36	MXN	0	herramienta_listada_probable	B1,B3	combo M18 (impacto + rotomartillo); qty_recibida 0
2025-01-10	P01765	The Home Depot México	MARCO P/SEGUETA STANLEY 12 THRIFTY	1	151.22	MXN	0	herramienta_listada	TPC12
2025-01-10	P01765	The Home Depot México	ATORNILLADORES DE PRECISION CON 6 PZAS.	1	798.36	MXN		herramienta_listada	A1
2025-01-10	P01765	The Home Depot México	FLEXOMETRO GLOBAL 5 MTS	3	122.50	MXN		herramienta_listada	J11-J13
2025-01-14	P01810	FERRETERA CENTENARIO DE MONTERREY	PRENSA RIDGID #36273 (72037) 460-6 C/TRIPIE	1	8136.75	MXN	1	herramienta_no_listada		prensa de tubo con tripié, equipo grande
2025-01-14	P01810	FERRETERA CENTENARIO DE MONTERREY	TERRAJA RIDGID 12R #36475 DE 1/2 - 2	1	15058.98	MXN	1	herramienta_listada	O1-O6	listado G123 =15056*1.15; es UN juego con 6 cabezales
2025-01-16	P01820	FERRETERA CENTENARIO DE MONTERREY	BAUL DE 48" PARA LUGAR DE TRABAJO JSB48…	1	13204.08	MXN	1	contenedor		2do baúl 48"
2025-01-16	P01820	FERRETERA CENTENARIO DE MONTERREY	BAUL (2142) GREENLEE 2142	1	15810.44	MXN		contenedor
2025-01-17	P01827	Autelin s.a de c.v.	PINZAS PARA CRIMPAR	1	4911.00	MXN		herramienta_listada	A7	precio faltante en listado: $4,911 + IVA
2025-01-17	P01829	The Home Depot México	[48-22-8424] CAJA PACKOUT 22"	1	1465.78	MXN	1	contenedor		caja de herramienta 22", no está en listado
2025-01-17	P01829	The Home Depot México	[5375-20] ROTOMARTILLO DE 1/2	1	1984.50	MXN	1	herramienta_listada	C1
2025-01-17	P01829	The Home Depot México	[6130-33] MINI ESMERIL DE 4-1/2	1	1423.53	MXN	1	herramienta_listada	M1/M2
2025-01-17	P01829	The Home Depot México	[Hd00018] BOLSA PARA HERRAMIENTA	1	468.88	MXN	1	maleta_personal	MPX
2025-01-17	P01829	The Home Depot México	[SKU-24112404] CAJA PACKOUT CON INSERTO	4	1854.40	MXN	4	contenedor	A0-R0	48-22-8450
2025-01-17	P01829	The Home Depot México	[129 291] TAZON MAGNETICO HUSKY	1	367.50	MXN	1	herramienta_listada	TPC13
2025-01-17	P01829	The Home Depot México	[5485-21] ROTOMARTILLO SDS PLUS	1	3547.43	MXN	1	herramienta_listada	C2
2025-01-17	P01829	The Home Depot México	[Js481lg] RYOBI SIERRA CALADORA	1	730.78	MXN		herramienta_listada	R2
2025-01-17	P01829	The Home Depot México	[Fh0829] AMARRES MATRACA 3.6M	1	316.18	MXN		herramienta_listada	D1-D4
2025-01-17	P01831	The Home Depot México	[2648-20] LIJADORA ORBITAL M18	1	2335.95	MXN	1	herramienta_listada	R3	precio Odoo 2335.95 vs listado 3547.43 (el listado repite el precio del 5485-21)
2025-01-17	P01831	The Home Depot México	PINZA DE ELECTRICISTA CON GRAN APALANCAMIENTO (709195)	2	384.40	MXN		herramienta_listada	I1-I2
2025-01-17	P01831	The Home Depot México	[903465] PINZA EN DIAGONAL	2	244.17	MXN		herramienta_listada	I3-I4
2025-01-20	P01841	Maximiliano	COMPROBADOR DE REDES MICROMAPPER	1	204.00	USD	1	herramienta_listada	E8/Q2
2025-01-21	P01851	The Home Depot México	MINI PINZAS DE CORTE	1	304.14	MXN		herramienta_listada	A5
2025-01-21	P01855	The Home Depot México	[48223531] PINZA DE PRESION TIPO C 11"	2	455.36	MXN		herramienta_listada	L1-L2
2025-01-21	P01855	The Home Depot México	PINZA DE PRESION DE MORDAZA RECTA 7"	2	308.36	MXN		herramienta_listada	L3-L4
2025-01-21	P01856	The Home Depot México	PINZA DE PRESION DE MORDAZA RECTA 7"	2	308.36	MXN		duplicado_compra	L3-L4	2da orden igual el mismo día: 4 compradas, 2 en listado
2025-01-21	P01856	The Home Depot México	[48223531] PINZA DE PRESION TIPO C 11"	2	455.36	MXN		duplicado_compra	L1-L2	2da orden igual el mismo día: 4 compradas, 2 en listado
2025-01-21	P01859	Amazon	[FLUKE-302+] AMPERIMETRO FLUKE 302+	1	1724.14	MXN	0	herramienta_listada	A4	precio faltante en listado
2025-01-23	P01871	Proferre	CABEZAL 12R RIDGID 3/4 NPT	1	2277.02	MXN	0	reposicion	O1
2025-01-23	P01887	ERICK HOMERO OLVERA CEPEDA (TRUPER STORE)	[101557] JUEGO DE BROCAS ESCALONADAS TRUPER	1	642.24	MXN	1	herramienta_listada	G3	precio faltante en listado
2025-01-23	P01887	ERICK HOMERO OLVERA CEPEDA (TRUPER STORE)	[14512] COLAS DE RATA TRUPER EXT-5	1	85.34	MXN	1	herramienta_listada	F6	precio faltante en listado
2025-01-24	P01890	FERRETERA CENTENARIO DE MONTERREY	[2265] ACEITERA FLEXIBLE 32 OZ URREA	1	266.40	MXN	0	herramienta_listada	TPC6
2025-01-24	P01890	FERRETERA CENTENARIO DE MONTERREY	[4212SJB] JUEGO EXTRACTOR QUIJ.RECT 6 TON	1	4760.00	MXN		herramienta_listada	Q4	listado G175 =4760*1.16
2025-02-04	P02044	The Home Depot México	[709204] PINZA DE PRESION DE MORDAZA CURVA	2	316.81	MXN		herramienta_listada	L7-L8
2025-02-04	P02047	The Home Depot México	[Gll 12-22 g] NIVEL LASER VERDE BOSCH	1	1519.84	MXN	1	herramienta_listada	R1
2025-02-04	P02049	Proferre	MOTO TOOL PROFESIONAL TRUPER	1	679.44	MXN	0	herramienta_no_listada
2025-02-06	P02096	The Home Depot México	[48-22-8450] CAJA PACKOUT CON INSERTO	3	1854.40	MXN	0	contenedor	A0-R0
2025-02-06	P02097	The Home Depot México	[48-22-8450] CAJA PACKOUT CON INSERTO	3	1854.40	MXN	0	contenedor	A0-R0
2025-02-06	P02098	The Home Depot México	[48-22-8424] CAJA DE HERRAMIENTAS PACKOUT	1	1495.69	MXN	0	contenedor
2025-02-07	P02102	The Home Depot México	[48-22-8450] CAJA PACKOUT CON INSERTO	1	1854.40	MXN	0	contenedor	A0-R0
2025-03-04	P02408	CENTRO DE HERRAMIENTAS Y SERVICIOS	[267723] M18 FORCE LOGIC 6T Knockout	1	32190.00	MXN	1	herramienta_listada_como_comprar	TPC10	listado dice COMPRAR; se compró 4-mar-2025
2025-03-04	P02408	CENTRO DE HERRAMIENTAS Y SERVICIOS	[292922] SIERRA DE BANDA DE CORTE PROFUNDO	1	9153.00	MXN	1	herramienta_listada_como_comprar	TPC8	Odoo dice 2929-22 (kit), listado dice 2729-20: corregir
2025-03-04	P02408	CENTRO DE HERRAMIENTAS Y SERVICIOS	ROSCADORA DE TUBOS M18	1	36632.00	MXN	1	herramienta_listada_como_comprar	TPC1
2025-03-04	P02408	CENTRO DE HERRAMIENTAS Y SERVICIOS	[48228440] CAJA PACKOUT MILWAUKEE 18.6 (crate)	1	1089.00	MXN	1	contenedor	TPC0
2025-03-04	P02408	CENTRO DE HERRAMIENTAS Y SERVICIOS	[48228485] PLACA DE MONTAJE PACKOUT	18	589.00	MXN	18	accesorio	TPC9	listado dice (16); Odoo 18
2025-03-04	P02408	CENTRO DE HERRAMIENTAS Y SERVICIOS	[0970-20] ASPIRADORA HUMEDO/SECO M18 PACKOUT	1	5393.00	MXN	1	herramienta_listada_como_comprar	TPC3
2025-03-19	P02736	CENTRO DE HERRAMIENTAS Y SERVICIOS	CAJA DE HERRAMIENTA PACKOUT	1	1597.12	MXN	0	contenedor
2025-03-19	P02736	CENTRO DE HERRAMIENTAS Y SERVICIOS	ENCIMERA PERSONALIZABLE PACKOUT	2	1205.32	MXN	0	contenedor
2025-03-31	P02837	CENTRO DE HERRAMIENTAS Y SERVICIOS	[48390510] SEGUETA BIMETALICA (banda)	5	169.27	MXN	5	consumible_accesorio	TPC11
2025-04-28	P03220	CENTRO DE HERRAMIENTAS Y SERVICIOS	[48228480] KIT DE ESTANTERIA MILWAUKEE	1	3195.00	MXN	0	accesorio		racking Packout para vehículo/taller
2025-04-28	P03220	CENTRO DE HERRAMIENTAS Y SERVICIOS	CAJA DE HERRAMIENTAS CON 4 CAJONES PACKOUT	1	3614.00	MXN	0	contenedor_cajones		YA se compró una caja de 4 cajones; ubicar físicamente
2025-06-05	P03718	FERRETERA CENTENARIO DE MONTERREY	LLAVE DE CADENA TIPO CAIMAN 6" 797UR URREA	1	2351.20	MXN	1	herramienta_no_listada
2025-06-25	P03974	The Home Depot México	NIVEL DE LASER BOSCH DE LINEAS VERDES	1	3533.62	MXN	1	herramienta_no_listada		2do láser verde (no está en listado)
2025-08-04	P04279	CENTRO DE HERRAMIENTAS Y SERVICIOS	613033 MINIESMERILADORA 4-1/2"	1	1579.78	MXN	1	reposicion	M1/M2
2025-09-17	P04666	SOLDADURAS Y GASES DEL NORTE	MAQUINA MILLERMATIC 252 NUEVA C/ACCESORIOS	1	56900.00	MXN		equipo_mayor		soldadora, fuera del carrito
2025-10-13	P04897	CENTRO DE HERRAMIENTAS Y SERVICIOS	DWE4887-B3 RECTIFICADOR 1-1/2" 450W	1	2038.58	MXN	1	herramienta_no_listada
2025-10-27	P05015	CENTRO DE HERRAMIENTAS Y SERVICIOS	MINIESMERILADORA DE 4-1/2" 7 AMP	1	1473.00	MXN	1	reposicion	M1/M2
2025-11-12	P05150	The Home Depot México	PINZA PONCHADORA	1	495.69	MXN		herramienta_no_listada
2025-12-18	P05324	FERRETERIA CALZADA	MILWAUKEE DESARMADOR 48-22-2606 6PZ	1	631.90	MXN	1	reposicion	A1
2025-12-18	P05324	FERRETERIA CALZADA	MILWAUKEE PINZA MINI 48-22-6105	1	287.07	MXN	1	reposicion	A5
2025-12-18	P05324	FERRETERIA CALZADA	WIHA PINZAS AISLADAS JGO 7PZS 1000V 32985	1	3075.86	MXN	1	reposicion	A2,A3,A8-A12	32985 ES el número del juego de 7 piezas
2025-12-26	P05351	REDISA SOLUCIONES	Renta de Rompedor Electrico Makita 30 kg	1	450.00	MXN	1	renta
2026-01-26	P05511	The Home Depot México	ESMERIL DE 4 1/2 MILWAUKEE	1	1585.34	MXN	1	reposicion	M1/M2
2026-02-04	P05566	CENTRO DE HERRAMIENTAS Y SERVICIOS	48228427 CAJA DE HERRAMIENTA RODANTE PACKOUT	1	2825.00	MXN	0	contenedor		48-22-8427 rolling tool box; ubicar
2026-02-04	P05566	CENTRO DE HERRAMIENTAS Y SERVICIOS	48228447 CAJA DE HERRAMIENTAS CON 3 CAJONES	1	3499.00	MXN	0	contenedor_cajones		YA se compró una 48-22-8447; ubicar físicamente
2026-02-04	P05567	The Home Depot México	Combo sin carbones rotomartillo 1/2" + ...	1	6602.58	MXN	1	herramienta_no_listada		combo M18 nuevo
2026-02-16	P05633	The Home Depot México	herramientas de pack outs D, E, H, I, J	1	16766.59	MXN	3	reposicion	D,E,H,I,J	reposición agregada, sin detalle por pieza: pedir ticket
2026-02-18	P05648	Dominion Industrial	MA440 Amperimetro Extech	2	1072.88	MXN		herramienta_no_listada
2026-02-27	P05714	The Home Depot México	Fondeo para compra de herramientas	1	6196.55	MXN	0	reposicion		sin detalle: pedir ticket
2026-03-02	P05743	Amazon	WIHA PINZAS AISLADAS JGO 7PZS 1000V 32985	3	1926.88	MXN	0	herramienta_no_listada	A	3 juegos nuevos: posiblemente para maletas individuales
2026-03-02	P05748	The Home Depot México	JUEGO DE LLAVES CON MATRACA	3	1340.52	MXN		herramienta_no_listada	K1	3 juegos
2026-03-02	P05748	The Home Depot México	PINZA CHOFER 6	3	111.21	MXN		reposicion	J9-J10
2026-03-02	P05748	The Home Depot México	[48223531] PINZA DE PRESION TIPO C 11"	6	547.41	MXN		reposicion	L1-L2	6 más
2026-03-03	P05751	Uline Shipping Supplies	Organizador de Espuma 5S para Caja de Herramientas	3	616.00	MXN	3	accesorio		espuma 5S: antecedente de siluetas
2026-03-24	P05881	CENTRO DE HERRAMIENTAS Y SERVICIOS	DESARMADOR DE PRECISION 6 PZAS MILWAUKEE	3	563.70	MXN	3	reposicion	A1
2026-03-24	P05881	CENTRO DE HERRAMIENTAS Y SERVICIOS	MINI PINZA DE CORTE AL RAS MILWAUKEE	3	255.61	MXN	3	reposicion	A5
2026-04-22	P06223	CENTRO DE HERRAMIENTAS Y SERVICIOS	DESARMADOR DE PRECISION 6 PZAS MILWAUKEE	1	629.85	MXN	1	reposicion	A1
2026-05-19	P06371	The Home Depot México	mini esmeriladora angular alambrica 4 1/2	1	1585.34	MXN	1	reposicion	M1/M2
2026-05-19	P06371	The Home Depot México	pinza de presion de 7 pulgadas de metal	1	308.36	MXN	1	reposicion	L3-L4
2026-05-21	P06378	The Home Depot México	milwaukee detector de voltaje dual	1	400.86	MXN	0	herramienta_no_listada
2026-06-09	P06460	FERRETERA CENTENARIO DE MONTERREY	CABEZAL P/TARRAJA 12R #37395 3/4 NPT	1	2256.92	MXN	1	reposicion	O1	2do cabezal 3/4 comprado
2026-06-09	P06461	Proferre	CORTAPERNO PROFESIONAL 30" TRUPER 1/2"	1	798.02	MXN	1	herramienta_no_listada		largo (762 mm nominal), no cabe en cajón
2026-08-17	P06982	HERRAMIENTAS DWMX	Esmeriladora 7" 2400 W DeWalt DWE4557-B3	1	4108.62	MXN	1	herramienta_no_listada
2026-08-25	P07048	MAYOREO ELECTRICO DE MONTERREY	ELECTRODUCTO PLUG IN 4000A ALUMINIO	3	225380.00	USD	3	no_herramienta		equipo de proyecto (USD 676,140)
2026-09-24	P07267	The Home Depot México	rotomartillo de 1/2 de 8.0 amps	1	2719.83	MXN	1	herramienta_no_listada
2026-09-24	P07270	ROMPEDORA Y COMPACTADORAS	RENTA DE ROTOMARTILLO SDS MAX	1	270.00	MXN		renta
