so_id	so	fecha	cliente	partner_shipping	shipping_id	shipping_ciudad	monto_sin_iva	moneda	proyecto_odoo	descripcion_trunc40	primeras_lineas_trunc40	tipo	palabra_clave	confianza
7760	SO7661	2024-09-30	JOHNSON CONTROLS ENTERPRISES MEXICO	JOHNSON CONTROLS ENTERPRISES MEXICO	900	San Pedro Garza García, Nuevo León	210000.00	MXN		sumnistro de tuberia y canaleta para la…	Instalación de 4 bajadas eléctricas en … [prod: Suministro de 4 bajadas electricas]	electrico_control	'canaleta', 'bajadas', 'electric', 'eléctric'	alta
7651	SO7552	2024-10-10	BEBIDAS PURIFICADAS	BEBIDAS PURIFICADAS	897	Ciudad de Mexico, Estado de Mexico	150329.00	MXN		suminsitro e inetalacion de cableado pa…	Suministro e instalación de interruptor… [prod: Suministro e instalación de tablero, tu…]	electrico_control	'cablead', 'interruptor', 'tablero'	alta
7613	SO7514	2024-10-10	BEBIDAS PURIFICADAS	BEBIDAS PURIFICADAS	897	Ciudad de Mexico, Estado de Mexico	124410.00	MXN		suminsitro e inetalacion de cableado pa…	Suministro e instalación de interruptor… [prod: Suministro e instalación de tablero, tu…]	electrico_control	'cablead', 'interruptor', 'tablero'	alta
7652	SO7553	2024-10-10	BEBIDAS PURIFICADAS	BEBIDAS PURIFICADAS	897	Ciudad de Mexico, Estado de Mexico	116592.00	MXN		Suministro e instalación de cableado pa…	Suministro e instalación de interruptor… [prod: Suministro e instalación de tablero, tu…]	electrico_control	'cablead', 'interruptor', 'tablero'	alta
7913	SO7812	2024-10-11	British American Tobacco Mexico S.A. de…	British American Tobacco Mexico S.A. de…	400	Monterrey, Nuevo León	19891.00	MXN		Suministro de materiales MRO_020	Pintura amarilla transito ( 2 lts) | Pintura azul para paredes (2 lts) sherw… | Lámparas tubo led	otros	suministro solamente: 'suministro de materiales'	alta
7364	SO7266	2024-10-15	British American Tobacco Mexico S.A. de…	British American Tobacco Mexico S.A. de…	400	Monterrey, Nuevo León	53407.00	MXN		Suministro y mano de obra de instalació…	Suministro de papel tapiz, materiales, … | Mano de obra de instalacion de tapiz	obra_civil_ligera	'tapiz'	media
7784	SO7685	2024-10-15	Nalco de Mexico	Nalco de Mexico		(contacto del cliente; no consultado)	22014.00	MXN		Suministro de materiales MRO_012 (Parte…	"Tuerca union pvc ced 80 3/4"" | Valvulas check pvc ced 80 3/4"" | Valvula bola pvc ced 80 3/4"""	otros	suministro solamente: 'suministro de materiales'	alta
8060	SO7958	2024-10-16	Industrial de Cuautitlan	Industrial de Cuautitlan	670	Ramos Arizpe, Coahuila	400550.60	MXN		Agua Helada Cierre de Proyecto	Agua Helada Cierre de Proyecto	hvac	'agua helada'	alta
7975	SO7874	2024-10-17	Nalco de Mexico	Nalco de Mexico		(contacto del cliente; no consultado)	3598.00	MXN		Cotizacion 35821 analisis ac marriot oc…	Cotizacion 35821 analisis ac marriot oc…	otros	servicio de tercero/analisis: 'analisis ac'	alta
7783	SO7684	2024-10-17	Nalco de Mexico	Nalco de Mexico		(contacto del cliente; no consultado)	21965.00	MXN		Suministro de materiales MRO_012 (Parte…	Temporizador para un día (24 horas) con… | Kit de Cortador para PVC Inalámbrica , … | Pegamento pvc gris de 16oz, marca Oatey	otros	suministro solamente: 'suministro de materiales'	alta
7790	SO7691	2024-10-18	JOHNSON CONTROLS ENTERPRISES MEXICO	JOHNSON CONTROLS ENTERPRISES MEXICO	900	San Pedro Garza García, Nuevo León	225000.00	MXN		instalación de encofrado SO7691	suministro e instalación de encofrado d…	obra_civil_ligera	'encofrado'	alta
8087	SO7985	2024-10-21	British American Tobacco Mexico S.A. de…	British American Tobacco Mexico S.A. de…	400	Monterrey, Nuevo León	19361.00	MXN		Suministro e instalación de papel tapiz…	Suministro de papel tapiz, materiales, … | Mano de obra de instalacion de tapiz	obra_civil_ligera	'tapiz'	alta
8102	SO7999	2024-10-22	Nalco de Mexico	Nalco de Mexico	94	Cuajimalpa de Morelos, CDMX	69347.00	MXN		Suministro de material y ejecución de t…	Suministro de material y ejecución de t… [prod: Servicio de renta de pipa 30 000L]	otros	renta: 'renta de pipa'	alta
8170	SO8067	2024-10-24	Nalco de Mexico	Nalco de Mexico	289	Cuajimalpa de Morelos (contacto de Nalco), CDMX	29950.00	MXN		Listado de material para la colocación …	Listado de material para la colocación …	otros	sin palabra clave (texto truncado o vacio)	baja
8199	SO8095	2024-10-28	Nalco de Mexico	Nalco de Mexico	94	Cuajimalpa de Morelos, CDMX	11200.00	MXN		Renta de dos rompedoras por un fin de s…	Renta de dos rompedoras por un fin de s…	otros	renta: 'rompedoras'	alta
8172	SO8069	2024-10-28	Nalco de Mexico	Nalco de Mexico	94	Cuajimalpa de Morelos, CDMX	69347.00	MXN		Servicio de renta de segunda pipa para …	Servicio de renta de segunda pipa para …	otros	renta: 'renta de segunda pipa'	alta
8171	SO8068	2024-10-28	Nalco de Mexico	Nalco de Mexico	94	Cuajimalpa de Morelos, CDMX	69347.00	MXN		Servicio de renta de primera pipa para …	Servicio de renta de primera pipa para …	otros	renta: 'renta de primera pipa'	alta
8293	SO8186	2024-10-31	TECNOLOGIAS Y PRODUCTOS YIN SA DE CV	TECNOLOGIAS Y PRODUCTOS YIN SA DE CV			0.00	MXN		CENTRO DE COSTOS FTS USA		otros	renta: 'centro de costos'	alta
6092	SO5995	2024-11-01	Nalco de Mexico	Nalco de Mexico	289	Cuajimalpa de Morelos (contacto de Nalco), CDMX	5959699.00	MXN	🛠️ SO5995 - Vertiv- Instalación y sumin…	Instalación y suministro de sistema de …	1.1.- Tubería de PVC cedula 80 para ali… | 1.2.- Suministro e instalación de skid … | 1.3.- Instrumentación y tablero de cont…	soldadura_tuberia_proceso	'pvc', 'skid', 'tubería'	alta
7789	SO7690	2024-11-05	Nalco de Mexico	Nalco de Mexico	94	Cuajimalpa de Morelos, CDMX	107954.00	MXN	SO7690 - Mobis - Servicio de Instalació…	Servicio de Instalación de filtro de ca…	Suministro e instalación de filtro de c…	mecanico_instalacion	'filtro'	alta
6751	SO6653	2024-11-06	departamento B6	departamento B6	872		1680.00	MXN		mtto departamento B6	servicio DE MANTENIMIENTO A CLIMA MINIS…	hvac	'clima'	media
6111	SO6013	2024-11-06	Budenheim Mexico	Budenheim Mexico		(contacto del cliente; no consultado)	366306.00	USD	SO6013 - Budenheim Suministro e instala…	Suministro e instalación de equipos par…	Suministro, instalación e integración d… | Transportador aplanador de bolsas HEAVY… | Conveyor para traslado y cierre de cost…	mecanico_instalacion	'instalación de equipo', 'conveyor', 'transportador'	alta
8513	SO8401	2024-11-15	Nalco de Mexico	Nalco de Mexico	94	Cuajimalpa de Morelos, CDMX	2115.00	MXN	SO8401 - Cotizacion 36136 analisis ac m…	Cotizacion 36136 analisis ac marriot no…	Cotizacion 36136 analisis ac marriot no…	otros	servicio de tercero/analisis: 'analisis ac'	alta
8326	SO8219	2024-11-19	Nalco de Mexico	Nalco de Mexico	94	Cuajimalpa de Morelos, CDMX	28555.00	MXN	SO8219 - Mantenimiento a motor en plant…	Mantenimiento a motor en planta MDLZ	Mantenimiento a motor en planta MDLZ	electrico_control	'motor'	baja
8452	SO8344	2024-11-20	British American Tobacco Mexico S.A. de…	British American Tobacco Mexico S.A. de…	400	Monterrey, Nuevo León	13280.00	MXN	SO8344 - Suministro de materiales 71124	Suministro de materiales 71124	CAJA DE 100M DE CABLE CALIBRE 16 COLOR … | 1 CAJA DE 100M DE CABLE CALIBRE 16 COLO… | Solvente Dieléctrico Multimarca SOLDIEL…	otros	suministro solamente: 'suministro de materiales'	alta
8453	SO8345	2024-11-20	British American Tobacco Mexico S.A. de…	British American Tobacco Mexico S.A. de…	400	Monterrey, Nuevo León	15200.00	MXN	SO8345 - Suministro de refacciones Tani…	Suministro de refacciones Tania 71124	MANGUERA LED MODELO WMA-006 2835 ROLLO …	otros	suministro solamente: 'suministro de refacciones'	alta
8642	SO8522	2024-11-25	MONDELEZ MEXICO	MONDELEZ MEXICO	7	Puebla, Puebla	325000.00	MXN		Esta SO, sustituye a la SO5190 correspo…	Esta SO, sustituye a la SO5190 correspo… [prod: Calibración de equipos de rayos X de lí…]	electrico_control	'calibraci', 'rayos x'	alta
8644	SO8524	2024-11-25	MONDELEZ MEXICO	MONDELEZ MEXICO	7	Puebla, Puebla	325000.00	MXN		Esta SO reemplaza a la SO5343 correspon…	Esta SO reemplazara a la SO correspondi… [prod: Mantenimiento y Calibracion de rayos X …]	electrico_control	'calibraci', 'rayos x'	alta
8643	SO8523	2024-11-25	MONDELEZ MEXICO	MONDELEZ MEXICO	7	Puebla, Puebla	325000.00	MXN		Esta SO va a reemplazar a la SO5192 cor…	Esta SO, reemplazara a la SO5192 corres… [prod: Matenimiento y Calibracion de rayos X d…]	electrico_control	'calibraci', 'rayos x'	alta
8657	SO8537	2024-11-25	MONDELEZ MEXICO	MONDELEZ MEXICO	7	Puebla, Puebla	325000.00	MXN		Esta SO reemplazara a la SO5343 corresp…	Esta SO reemplazara a la SO5343 corresp… [prod: Mantenimiento y Calibracion de rayos X …]	electrico_control	'calibraci', 'rayos x'	alta
8540	SO8421	2024-11-26	British American Tobacco Mexico S.A. de…	British American Tobacco Mexico S.A. de…	400	Monterrey, Nuevo León	17878.00	MXN	SO8421 - Suministro de materiales MRO_0…	Suministro de materiales MRO_023	SUMINISTRO DE LITRO DE THINER | SUMINISTRO DE JUEGO DE PULSADORES DE DE… | SUMINISTRO DE CHAROLA DE PINTURA	otros	suministro solamente: 'suministro de materiales'	alta
8541	SO8422	2024-11-26	British American Tobacco Mexico S.A. de…	British American Tobacco Mexico S.A. de…	400	Monterrey, Nuevo León	13528.00	MXN	SO8422 - Suministro de MRO_024	Suministro de MRO_024	Suministro de Lampara Led Industrial 15…	otros	suministro solamente: 'suministro de mro'	alta
8600	SO8481	2024-11-26	British American Tobacco Mexico S.A. de…	British American Tobacco Mexico S.A. de…	400	Monterrey, Nuevo León	10146.00	MXN	SO8481 - Suministro de lamparas tipo ufo	Suministro de lamparas tipo ufo	Suministro de Lampara Led Industrial 15…	otros	suministro solamente: 'suministro de lamparas'	alta
7738	SO7639	2024-11-27	Heritage Interactive	Heritage Interactive	453		165000.00	MXN	SO7639 - servicio de limpieza a tanque	servicio de limpieza a tanque	Servicio de limpieza de tanque de desec… | Renta de 2 equipos de respiración autón…	soldadura_tuberia_proceso	'tanque'	baja
8432	SO8325	2024-12-02	British American Tobacco Mexico S.A. de…	British American Tobacco Mexico S.A. de…	400	Monterrey, Nuevo León	22850.00	MXN	SO8325 - Suministro de papel tapiz, mat…	Suministro de papel tapiz, materiales, …	Suministro de papel tapiz, materiales, …	obra_civil_ligera	'tapiz'	alta
8720	SO8597	2024-12-02	MONDELEZ MEXICO	MONDELEZ MEXICO	7	Puebla, Puebla	325000.00	MXN		Mantenimiento y ajuste de rayos X de Lí…	Mantenimiento y ajuste de rayos X de Lí…	electrico_control	'rayos x'	alta
8721	SO8598	2024-12-02	MONDELEZ MEXICO	MONDELEZ MEXICO	7	Puebla, Puebla	325000.00	MXN		Mantenimiento y ajuste de rayos X de Lí…	Mantenimiento y ajuste de rayos X de Lí…	electrico_control	'rayos x'	alta
8755	SO8631	2024-12-05	JOHNSON CONTROLS ENTERPRISES MEXICO	JOHNSON CONTROLS ENTERPRISES MEXICO	900	San Pedro Garza García, Nuevo León	53628.00	MXN	SO8631 - extensión 110 para cuarto de á…	extensión 110 para cuarto de ácidos	Suministro e instalación de cableado de…	electrico_control	'110', 'cablead'	alta
8768	SO8644	2024-12-05	JOHNSON CONTROLS ENTERPRISES MEXICO	JOHNSON CONTROLS ENTERPRISES MEXICO	900	San Pedro Garza García, Nuevo León	61670.00	MXN	SO8644 - instalación de soporte de cabl…	instalación de soporte de cable de acer…	Suministro e instalación de soportes pa…	mecanico_instalacion	'soporte de cable'	alta
8072	SO7970	2024-12-17	Budenheim (contacto persona fisica)	Budenheim (contacto persona fisica)	516		36481.00	MXN		integracion de detector de metales en L…	integracion de detector de metales	electrico_control	'detector de metales'	alta
8884	SO8757	2024-12-18	Nalco de Mexico	Nalco de Mexico		(contacto del cliente; no consultado)	2115.00	MXN	SO8757 - SERVICIO D ETERCERO PARA anali…	SERVICIO D ETERCERO PARA analisis de ho…	Cotizacion 36341 analisis ac marriot Di…	otros	servicio de tercero/analisis: 'servicio d etercero'	alta
8414	SO8307	2025-01-02	MONDELEZ MEXICO	MONDELEZ MEXICO	7	Puebla, Puebla	162632.00	MXN		Modificacion y suministro de base para …	Modificacion y suministro de base para …	otros	suministro sin instalacion	media
8953	SO8821	2025-01-02	MONDELEZ MEXICO	MONDELEZ MEXICO	7	Puebla, Puebla	325000.00	MXN		Mantenimiento y Calibración de rayos X …	Mantenimiento y Calibracion de rayos X …	electrico_control	'calibraci', 'rayos x'	alta
8952	SO8820	2025-01-02	MONDELEZ MEXICO	MONDELEZ MEXICO	7	Puebla, Puebla	325000.00	MXN		Mantenimiento y Calibracion de rayos X …	Mantenimiento y Calibracion de rayos X …	electrico_control	'calibraci', 'rayos x'	alta
5527	SO5430	2025-01-08	MONDELEZ MEXICO	MONDELEZ MEXICO	7	Puebla, Puebla	129000.00	MXN		CLIMA/2000W/SK3186.930/RITTAL.	CLIMA/2000W/SK3186.930/RITTAL	hvac	'clima'	alta
9131	SO8997	2025-01-17	British American Tobacco Mexico S.A. de…	British American Tobacco Mexico S.A. de…	400	Monterrey, Nuevo León	2222.00	MXN		Suministro de pintura sherwin williams …	Suministro de pintura sherwin williams …	otros	suministro solamente: 'suministro de pintura'	alta
9148	SO9014	2025-01-17	MONDELEZ MEXICO	MONDELEZ MEXICO		(contacto del cliente; no consultado)	325000.00	MXN		Mantenimiento y ajuste de rayos X de Lí…	Matenimiento y ajuste de rayos X de Lin…	electrico_control	'rayos x'	alta
9156	SO9022	2025-01-23	Budenheim Mexico	Budenheim Mexico		(contacto del cliente; no consultado)	181940.00	MXN		modificaciones de transportador existen…	Modificación a sistema trasportador de …	mecanico_instalacion	'transportador'	alta
9339	SO9199	2025-02-04	MONDELEZ MEXICO	MONDELEZ MEXICO	7	Puebla, Puebla	325000.00	MXN		Mantenimiento y Calibracion de rayos X …	Mantenimiento y Calibracion de rayos X …	electrico_control	'calibraci', 'rayos x'	alta
9340	SO9200	2025-02-04	MONDELEZ MEXICO	MONDELEZ MEXICO		(contacto del cliente; no consultado)	325000.00	MXN		Mantenimiento y ajuste de rayos X de Lí…	Mantenimiento y ajuste de rayos X de Li…	electrico_control	'rayos x'	alta
9319	SO9180	2025-02-17	BEBIDAS PURIFICADAS	BEBIDAS PURIFICADAS	897	Ciudad de Mexico, Estado de Mexico	120915.00	MXN	SO9180 - instalación de 60 metros de tu…	instalación de 60 metros de tubería par…	Servicio de instalación de tubería y ca…	soldadura_tuberia_proceso	'tubería'	alta
9360	SO9220	2025-02-24	HISENSE MONTERREY HOME APPLIANCE MANUFA…	HISENSE MONTERREY HOME APPLIANCE MANUFA…	1410/1421	Salinas Victoria, Nuevo León	23650.00	MXN	SO9220 - Servicio para revision de PLC …	Servicio para revision de PLC Lenze	Revisión a sistema de programación de P…	electrico_control	'plc', 'programaci'	alta
9467	SO9327	2025-02-24	Nalco de Mexico	Nalco de Mexico	94	Cuajimalpa de Morelos, CDMX	7109.92	MXN	SO9327 - suministro de termostato VERTI…	suministro de termostato	Suministro de termostato para arranque …	otros	suministro solamente: 'suministro de termostato'	alta
9440	SO9300	2025-02-24	Nalco de Mexico	Nalco de Mexico	94	Cuajimalpa de Morelos, CDMX	35475.00	MXN	SO9300 - servicio de puesta en marcha y…	servicio de puesta en marcha y soporte	Soporte para puesta en marcha de equipo…	electrico_control	'puesta en marcha'	alta
9276	SO9137	2025-02-24	Budenheim Mexico	Budenheim Mexico		(contacto del cliente; no consultado)	545326.00	MXN	SO9137 - Suministro de refacciones crit…	Suministro de refacciones criticas line…	MOTORREDUCTOR TAM 50, REL 30:1 MOD.NWM-… | PISTON NEUMATICO CP96SDB40-500C | MOTORREDUCTOR TAM 63, REL 30;1 MOD NWM-…	otros	suministro solamente: 'suministro de refacciones'	alta
7822	SO7723	2025-02-24	MAGNEKON S.A. DE C.V.	MAGNEKON S.A. DE C.V.	895	San Nicolas de los Garza, Nuevo León	232507.00	MXN	🛠️ SO7723 - servicio de integración de …	Servicio de integración de sistema con …	Servicio de instalación de tubería y so…	electrico_control	'integración de sistema'	alta
9248	SO9113	2025-02-24	Nalco de Mexico	Nalco de Mexico		(contacto del cliente; no consultado)	2267.00	MXN	SO9113 - Cotizacion 36648 analisis ac m…	Cotizacion 36648 analisis ac marriot en…	Cotizacion 36648 analisis ac marriot en…	otros	servicio de tercero/analisis: 'analisis ac'	alta
9591	SO9451	2025-02-26	Nalco de Mexico	Nalco de Mexico	94	Cuajimalpa de Morelos, CDMX	2267.00	MXN	SO9451 - Cotizacion 36896 analisis ac m…	Cotizacion 36896 analisis ac marriot fe…	Cotizacion 36896 analisis ac marriot fe…	otros	servicio de tercero/analisis: 'analisis ac'	alta
9398	SO9258	2025-03-03	British American Tobacco Mexico S.A. de…	British American Tobacco Mexico S.A. de…	400	Monterrey, Nuevo León	22830.00	MXN	SO9258 - Servicio de instalación de tub…	Servicio de instalación de tubería CPVC…	Servicio de instalacion de tubería CPVC…	soldadura_tuberia_proceso	'cpvc', 'tubería'	alta
9128	SO8994	2025-03-03	British American Tobacco Mexico S.A. de…	British American Tobacco Mexico S.A. de…	400	Monterrey, Nuevo León	47664.00	MXN	SO8994 - sumisnitro y aplicacion de pap…	sumisnitro y aplicacion de papel tapis …	Suministro de papel tapiz, materiales, …	obra_civil_ligera	'tapiz'	media
9127	SO8993	2025-03-03	British American Tobacco Mexico S.A. de…	British American Tobacco Mexico S.A. de…	400	Monterrey, Nuevo León	35971.00	MXN	SO8993 - Suministro de papel tapiz, mat…	Suministro de papel tapiz, materiales, …	Suministro de papel tapiz, materiales, …	obra_civil_ligera	'tapiz'	alta
9341	SO9201	2025-03-03	MONDELEZ MEXICO	MONDELEZ MEXICO	7	Puebla, Puebla	195000.00	MXN		Mantenimiento y ajuste de rayos X de Lí…	Matenimiento y ajuste de rayos X de Lin…	electrico_control	'rayos x'	alta
9551	SO9411	2025-03-03	MONDELEZ MEXICO	MONDELEZ MEXICO	7	Puebla, Puebla	260000.00	MXN		Matenimiento y ajuste de rayos X de Lin…	Matenimiento y ajuste de rayos X de Lin…	electrico_control	'rayos x'	alta
9657	SO9517	2025-03-05	BEBIDAS PURIFICADAS	BEBIDAS PURIFICADAS	897	Ciudad de Mexico, Estado de Mexico	97170.14	MXN	🛠️ SO9517 - retiro y de 6 metros de tub…	retiro y de 6 metros de tuberia de 4 pu…	Servicio de aplicación de soldadura par…	soldadura_tuberia_proceso	'tuberia', 'soldad'	alta
9689	SO9549	2025-03-06	Nalco de Mexico	Nalco de Mexico	94	Cuajimalpa de Morelos, CDMX	210940.00	MXN	SO9549 - Servicio de fabricación de ski…	Servicio de fabricación de skid de bomb…	Fabricación de skid de bombas móvil	soldadura_tuberia_proceso	'fabricación', 'skid'	alta
9672	SO9532	2025-03-06	MONDELEZ MEXICO	MONDELEZ MEXICO	7	Puebla, Puebla	9980.00	MXN	SO9532 - Servicio de mantenimiento y di…	Servicio de mantenimiento y diagnóstico…	Mantenimiento preventivo a 1 clima de t…	hvac	'clima'	baja
9716	SO9576	2025-03-07	Nalco de Mexico	Nalco de Mexico	94	Cuajimalpa de Morelos, CDMX	30500.00	MXN	SO9576 - Nalco Fabricación de placas de…	Fabricación de placas de acero al carbó…	Fabricación de placas para intercambiad…	soldadura_tuberia_proceso	'fabricación', 'placas de acero'	alta
9736	SO9595	2025-03-11	Nalco de Mexico	Nalco de Mexico	94	Cuajimalpa de Morelos, CDMX	2031.66	MXN	SO9595 - Análisis nalco marzo	Cotización Cot 37104 análisis Ac. Marri…	Cotización Cot 37104 análisis Ac. Marri…	otros	servicio de tercero/analisis: 'análisis ac'	alta
9069	SO8935	2025-03-12	British American Tobacco Mexico S.A. de…	British American Tobacco Mexico S.A. de…	400	Monterrey, Nuevo León	4032.00	MXN		Suministro de materiales 026	SUMINISTRO DE 2 HOJAS DE TABLA ROCA YES… | SUMINISTRO DE POSTE METALICO PERFIREY C… | SUMINISTRO DE 100 PIJAS PARA TABLAROCA …	otros	suministro solamente: 'suministro de materiales'	alta
9760	SO9619	2025-03-14	British American Tobacco Mexico S.A. de…	British American Tobacco Mexico S.A. de…	400	Monterrey, Nuevo León	10330.00	MXN	SO9619 - Template nov 2024	Resanar de pared y papel tapiz	aplicación de resane en oficinas de BAT…	obra_civil_ligera	'pared', 'resanar', 'tapiz'	alta
9855	SO9713	2025-03-25	MONDELEZ MEXICO	MONDELEZ MEXICO	7	Puebla, Puebla	24000.00	MXN	SO9713 - Template Suministro Materiales…		Servicio de traslado de papelería	otros	suministro solamente: 'template suministro'	alta
9917	SO9773	2025-03-27	MONDELEZ MEXICO	MONDELEZ MEXICO	7	Puebla, Puebla	129000.00	MXN	SO9773 - Suministro de Clima de tablero…	Suministro de Clima de tablero CONDITIO…	Suministro de Clima de tablero CONDITIO…	otros	suministro solamente: 'suministro de clima'	alta
9943	SO9799	2025-03-31	MONDELEZ MEXICO	MONDELEZ MEXICO	7	Puebla, Puebla	85377.60	MXN		Servicio técnico para Calibración y Rev…	Servicio técnico para Calibración y Rev…	electrico_control	'calibraci'	alta
9193	SO9059	2025-03-31	MONDELEZ MEXICO	MONDELEZ MEXICO	7	Puebla, Puebla	9966.00	MXN		Servicio de mantenimiento y diagnostico…	Costo de materiales : 2 CEPILLOS , 1 De… | Costo de Mano de Obra del Personal Nece…	otros	sin palabra clave (texto truncado o vacio)	baja
9568	SO9428	2025-04-07	Nalco de Mexico	Nalco de Mexico	94	Cuajimalpa de Morelos, CDMX	15986928.20	MXN	🛠️ SO9428 - INSTALACION DE SUMINISTRO D…	upgrade de vertiv loop cerrado y loop d…	- Suministro, fabricación, e instalació…	soldadura_tuberia_proceso	'loop', 'fabricación'	alta
9659	SO9519	2025-04-07	MONDELEZ MEXICO	MONDELEZ MEXICO	7	Puebla, Puebla	325000.00	MXN	SO9519 - MANTENIMIENTO Y CALIBRACION DE…	Mantenimiento y Calibración de rayos X …	Mantenimiento y Calibración de rayos X …	electrico_control	'calibraci', 'rayos x'	alta
9810	SO9669	2025-04-07	MONDELEZ MEXICO	MONDELEZ MEXICO	7	Puebla, Puebla	46149.00	MXN	SO9669 - MANTENIMIENTO A CLIMAS LINEA 3…	Mantenimiento preventivo y diagnostico …	Mantenimiento preventivo y diagnostico …	hvac	'climas'	baja
9673	SO9533	2025-04-07	MONDELEZ MEXICO	MONDELEZ MEXICO	7	Puebla, Puebla	230189.00	MXN	SO9533 - REEMPLAZO DE CABLEADO LINEA 3 …	Reemplazo de cableado multiconductor 24…	Servicio de 7 electromecánicos por día … | Servicio de dos plataformas de elevació… | Servicio de supervisor de seguridad ren…	electrico_control	'cablead'	alta
9808	SO9667	2025-04-07	MONDELEZ MEXICO	MONDELEZ MEXICO	7	Puebla, Puebla	30207.00	MXN	🛠️SO9667 - servicio de montaje de 2 lam…	servicio de montajke de 2 lamparas en e…	Suministro y montaje de 2 lámparas para…	electrico_control	'lampara', 'lámpara'	media
10001	SO9857	2025-04-11	British American Tobacco Mexico S.A. de…	British American Tobacco Mexico S.A. de…	400	Monterrey, Nuevo León	11000.00	MXN	SO9857 - instalacion de paso de gato (M…	instalacion de paso de gato	Instalación de paso de gato en Punto va…	mecanico_instalacion	'paso de gato'	alta
10000	SO9856	2025-04-11	British American Tobacco Mexico S.A. de…	British American Tobacco Mexico S.A. de…	400	Monterrey, Nuevo León	19500.00	MXN	SO9856 - instalación de paso de gato (M…	instalación de paso de gato	fabricación y suministro de estructura …	mecanico_instalacion	'paso de gato'	alta
10006	SO9862	2025-04-14	MONDELEZ MEXICO	MONDELEZ MEXICO	7	Puebla, Puebla	325000.00	MXN	SO9862 -Mantenimiento y Calibracion de …	Mantenimiento y Calibracion de rayos X …	Mantenimiento y Calibracion de rayos X …	electrico_control	'calibraci', 'rayos x'	alta
10036	SO9891	2025-04-17	JOHNSON CONTROLS ENTERPRISES MEXICO	JOHNSON CONTROLS ENTERPRISES MEXICO	900	San Pedro Garza García, Nuevo León	28600.00	MXN	SO9891 - REUBICACION DE TUBERIA DE AIRE…	modificacion de sistema de aire	Proyecto en cuarto de ácidos, modificac…	hvac	'sistema de aire'	baja
10120	SO9972	2025-04-22	MONDELEZ MEXICO	MONDELEZ MEXICO	7	Puebla, Puebla	15383.00	MXN	SO9972 - Servicio de mantenimiento prev…	Servicio de mantenimiento preventivo a …	Mantenimiento preventivo y diagnostico …	mecanico_instalacion	'mantenimiento preventivo'	alta
10129	SO9981	2025-04-23	British American Tobacco Mexico S.A. de…	British American Tobacco Mexico S.A. de…	400	Monterrey, Nuevo León	11000.00	MXN	SO9981 Fabricación e instalación de ext…	Instalación de paso de gato	Instalación de paso de gato en Punto va…	soldadura_tuberia_proceso	'fabricación'	baja
10130	SO9982	2025-04-23	British American Tobacco Mexico S.A. de…	British American Tobacco Mexico S.A. de…	400	Monterrey, Nuevo León	19500.00	MXN	SO9982 materiales para paso de gato mat…	instalación de paso de gato	fabricación y suministro de estructura …	mecanico_instalacion	'paso de gato'	alta
10163	SO10015	2025-04-24	TECNOLOGIAS Y PRODUCTOS YIN SA DE CV	TECNOLOGIAS Y PRODUCTOS YIN SA DE CV			0.00	MXN		GENIE ARTICULADA		otros	renta: 'genie'	alta
10164	SO10016	2025-04-24	TECNOLOGIAS Y PRODUCTOS YIN SA DE CV	TECNOLOGIAS Y PRODUCTOS YIN SA DE CV			0.00	MXN		GENIE TIJERA		otros	renta: 'genie'	alta
10131	SO9983	2025-04-25	Nalco de Mexico	Nalco de Mexico	94	Cuajimalpa de Morelos, CDMX	22900.00	MXN	SO9983 Servicio de reparación de fugas	Servicio de reparación de fugas	Servicio de inspección y reparación de …	mecanico_instalacion	'fugas'	alta
10009	SO9864	2025-04-25	Nalco de Mexico	Nalco de Mexico	94	Cuajimalpa de Morelos, CDMX	2501.00	MXN	SO9864 -Suministro Materiales y Servici…	Cotizacion 37309 analisis ac marriot Ab…	Cotizacion 37309 analisis ac marriot ab…	otros	servicio de tercero/analisis: 'analisis ac'	alta
8520	SO8403	2025-04-28	CBRE GCS, S. de R.L. de C.V.	CBRE GCS, S. de R.L. de C.V.	66	Miguel Hidalgo, CDMX	33490.00	MXN	SO8403 - Servicio de instalación de duc…	Servicio de instalación de ductería y c…	SERVICIO DE REPARACION DE AIRE ACONDICI…	hvac	'ductería'	alta
8521	SO8404	2025-04-28	CBRE GCS, S. de R.L. de C.V.	CBRE GCS, S. de R.L. de C.V.	66	Miguel Hidalgo, CDMX	28400.00	MXN	SO8404 - Servicio de instalación de sec…	Servicio de instalacion de seccion de d…	SERVICIO DE REPARACION DE AIRE ACONDICI…	hvac	'seccion de d'	alta
10261	SO10111	2025-05-02	TECNOLOGIAS Y PRODUCTOS YIN SA DE CV	TECNOLOGIAS Y PRODUCTOS YIN SA DE CV			0.00	MXN	Field Service		Service on Timesheet	otros	sin palabra clave (texto truncado o vacio)	baja
10259	SO10109	2025-05-05	JOHNSON CONTROLS ENTERPRISES MEXICO	JOHNSON CONTROLS ENTERPRISES MEXICO	900	San Pedro Garza García, Nuevo León	6000.00	MXN	SO10109 Servicio de fabricación de 6 pi…	Servicio de fabricación de 6 piezas en …	Fabricación y diseño de 6 piezas para b…	soldadura_tuberia_proceso	'fabricación'	alta
10143	SO9995	2025-05-05	JOHNSON CONTROLS ENTERPRISES MEXICO	JOHNSON CONTROLS ENTERPRISES MEXICO	900	San Pedro Garza García, Nuevo León	138500.00	MXN	SO9995 Suministro e instalación de tube…	Suministro e instalación de tubería y m…	Proyecto modificación en 4 lámparas de … | Proyecto remplazo de tubería de 3/4 en …	soldadura_tuberia_proceso	'tubería'	alta
10281	SO10131	2025-05-06	Nalco de Mexico	Nalco de Mexico	94	Cuajimalpa de Morelos, CDMX	6150.00	MXN	💵 SO10131 -remplazo de bomba en mal est…	remplazo de bomba en mal estado.	Remplazo de bomba en mal estado.	mecanico_instalacion	'bomba'	alta
10311	SO10159	2025-05-07	Regal Rexnord	Regal Rexnord	596		21500.00	MXN	SO10159 - Servicio de diagnóstico Máqui…	Servicio de diagnóstico Máquina Tester	Servicio de diagnostico a máquina Teste…	mecanico_instalacion	'máquina'	alta
9740	SO9599	2025-05-07	QUIMITEC TRATAMIENTO DE AGUAS	QUIMITEC TRATAMIENTO DE AGUAS	1502	Monterrey, Nuevo León	182000.00	MXN	SO9599 - Servicio de fabricación y sumi…	Servicio de fabricación y suministro de…	Servicio de fabricación y suministro de…	soldadura_tuberia_proceso	'fabricación'	alta
10322	SO10169	2025-05-07	JOHNSON CONTROLS ENTERPRISES MEXICO	JOHNSON CONTROLS ENTERPRISES MEXICO	900	San Pedro Garza García, Nuevo León	16500.00	MXN	🛠️ SO10169 -conexión eléctrica a tabler…	conexión eléctrica	Proyecto conexión de tablero eléctrico.	electrico_control	'eléctric', 'tablero'	alta
10197	SO10049	2025-05-12	Nalco de Mexico	Nalco de Mexico	94	Cuajimalpa de Morelos, CDMX	31980.00	MXN	SO10049 - Mantenimiento a motor de plan…	mantenimiento a motor de planta MDLZ	Mantenimiento a motor en planta MDLZ	electrico_control	'motor'	baja
10351	SO10198	2025-05-12	Nalco de Mexico	Nalco de Mexico	94	Cuajimalpa de Morelos, CDMX	2501.00	MXN	SO10198 - analisis ac marriot Mayo 12 N…	Cotizacion 37616 analisis ac marriot Ma…	Cotizacion 37616 analisis ac marriot Ma…	otros	servicio de tercero/analisis: 'analisis ac'	alta
10463	SO10304	2025-05-23	JOHNSON CONTROLS ENTERPRISES MEXICO	JOHNSON CONTROLS ENTERPRISES MEXICO	900	San Pedro Garza García, Nuevo León	43560.00	MXN	SO10304 - Renta de personal para realiz…	Servicio de renta de personal	Renta de personal para realización de l…	otros	renta: 'renta de personal'	alta
9945	SO9801	2025-05-23	Nalco de Mexico	Nalco de Mexico	94	Cuajimalpa de Morelos, CDMX	200640.00	MXN	SO9801 - Reemplazo de válvula regulador…	Reemplazo de válvula reguladora de pres…	Suministro y Reemplazo de 1 válvula reg… | Suministro y Reemplazo de 1 válvula reg…	mecanico_instalacion	'válvula'	alta
10504	SO10344	2025-05-30	Budenheim Mexico	Budenheim Mexico	815	Santa Catarina, Nuevo León	342694.75	MXN	🛠️ SO10344 - Budenheim Proyecto ergonom…	servicio de todas las lineas para insta…	Suministro e instalación de equipos L3 … | Suministro e instalación de equipos L4 … | Suministro e instalación L3 área de rea…	mecanico_instalacion	'ergonom', 'instalación de equipo'	alta
10459	SO10300	2025-06-03	MAGNEKON S.A. DE C.V.	MAGNEKON S.A. DE C.V.	895	San Nicolas de los Garza, Nuevo León	1581500.00	MXN	🛠️ SO10300 - Techo de Magnekon	Techo de Magnekon	Servicio de ampliación de techo para na…	obra_civil_ligera	'techo'	alta
9320	SO9181	2025-06-04	Nalco de Mexico	Nalco de Mexico	94	Cuajimalpa de Morelos, CDMX	460170.00	MXN	SO9181 -FABRICACION DE BASE PARA TANQUES	fabricación e instalación de estructura…	servicio de fabricación de base para ta…	soldadura_tuberia_proceso	'fabricacion', 'fabricación', 'tanque'	alta
10574	SO10414	2025-06-05	JOHNSON CONTROLS ENTERPRISES MEXICO	JOHNSON CONTROLS ENTERPRISES MEXICO	900	San Pedro Garza García, Nuevo León	38600.00	MXN	SO10414 - Suministro de PTR	Suministro de piezas PTR Esta se cancel…	Fabricacion y suministro de piezas de a…	otros	suministro solamente: 'suministro de piezas'	alta
10595	SO10430	2025-06-05	JOHNSON CONTROLS ENTERPRISES MEXICO	JOHNSON CONTROLS ENTERPRISES MEXICO	900	San Pedro Garza García, Nuevo León	34619.00	MXN	SO10430 - Servicio de instalación de lá…	Servicio de instalación de lámparas de …	Instalación eléctrica para alimentación…	electrico_control	'lámpara', 'eléctric'	alta
10543	SO10383	2025-06-05	Nalco de Mexico	Nalco de Mexico	94	Cuajimalpa de Morelos, CDMX	3070.00	MXN	SO10383 Suministro de accesorios para t…	Suministro de accesorios para tubería c…	Suministro de accesorios para tubería c…	otros	suministro solamente: 'suministro de accesorios'	alta
10569	SO10409	2025-06-09	JOHNSON CONTROLS ENTERPRISES MEXICO	JOHNSON CONTROLS ENTERPRISES MEXICO		(contacto del cliente; no consultado)	1154772.00	MXN	SO10409 - Estructura Metálica para Opti…	Estructura Metálica para Optima	Estructura metálica en placas y conexio… | Estructura metálica en IPR con primario… | Estructura metálica misceláneos con pri…	soldadura_tuberia_proceso	'estructura metálica'	alta
10752	SO10579	2025-06-19	JOHNSON CONTROLS ENTERPRISES MEXICO	JOHNSON CONTROLS ENTERPRISES MEXICO	900	San Pedro Garza García, Nuevo León	92640.00	MXN	SO10579 - Suministro de piezas PTR (48 …	Suministro de piezas PTR	Fabricacion y suministro de piezas de a…	otros	suministro solamente: 'suministro de piezas'	alta
10773	SO10600	2025-06-23	Nalco de Mexico	Nalco de Mexico	94	Cuajimalpa de Morelos, CDMX	20142.68	MXN	SO10600 - Template Suministro Materiale…	Suministros de insumos y accesorios par…	Suministros de insumos y accesorios par…	otros	suministro solamente: 'suministros de'	alta
10762	SO10589	2025-06-24	JOHNSON CONTROLS ENTERPRISES MEXICO	JOHNSON CONTROLS ENTERPRISES MEXICO	900	San Pedro Garza García, Nuevo León	420988.00	MXN	SO10589 - Instalación de acometidas elé…	Instalación de acometidas eléctricas y …	instalación de acometidas eléctricas y …	electrico_control	'acometida', 'eléctric'	alta
10880	SO10702	2025-07-03	Visionary	Visionary	1745	Rochester, Michigan	50500.00	USD	SO10702 - Rigging Panduit Desmontaje de…	Rigging Panduit Desmontaje de linea	Disassembly of mechanical components, s… | Rigging Service - Use of forklifts, cra… | Electrical - Disconnection of power, co…	mecanico_instalacion	'montaje', 'rigging'	alta
11003	SO10822	2025-07-14	CORPORATE USA	CORPORATE USA	943	Irving, Texas	2685.00	USD	SO10822 - Licencia Factory Talk mission…	Licencia Factory Talk View Studio for M…	FactoryTalk View Studio for Machine Edi…	otros	licencia/software: 'licencia'	alta
10458	SO10299	2025-07-15	Budenheim Mexico	Budenheim Mexico	815	Santa Catarina, Nuevo León	7800.00	MXN	SO10299 - suministro de equipo (Falda d…	Suministro de equipo	Suministro de Falda para apilador neumá…	otros	suministro solamente: 'suministro de equipo'	alta
11002	SO10821	2025-08-07	JOHNSON CONTROLS ENTERPRISES MEXICO	JOHNSON CONTROLS ENTERPRISES MEXICO	900	San Pedro Garza García, Nuevo León	402960.00	MXN	SO10821 - Servicio de suministro e inst…	Servicio de suministro e instalación de…	Suministro de extractor de aire 2HP 439… | Suministro de Extractor-inyector helico… | Servicio de instalación eléctrica para …	hvac	'extractor'	baja
10972	SO10792	2025-08-07	JOHNSON CONTROLS ENTERPRISES MEXICO	JOHNSON CONTROLS ENTERPRISES MEXICO	900	San Pedro Garza García, Nuevo León	178550.00	MXN	SO10792 - Instalacion electrica y mecan…	Servicio de re habilitación de pluma de…	Servicio de rehabilitación de pluma de …	electrico_control	'electric'	baja
11134	SO10941	2025-08-07	JOHNSON CONTROLS ENTERPRISES MEXICO	JOHNSON CONTROLS ENTERPRISES MEXICO	900	San Pedro Garza García, Nuevo León	210000.00	MXN	SO10941 - Suministro de Rejilla irving …	Suministro de rejilla mas galletuda	"Suministro de 8 rejillas irving de 3/16… | Suministro de 8 rejillas irving de 1/8""…"	otros	suministro solamente: 'suministro de rejilla'	alta
11167	SO10974	2025-08-08	Nalco de Mexico	Nalco de Mexico	94	Cuajimalpa de Morelos, CDMX	156208.00	MXN	SO10974 - Instalaciones Nalco Nemak tub…	Instalaciones Nalco Nemak tuberia	Instalación de tubería 110mm | Instalación de tubería 90mm	soldadura_tuberia_proceso	'tuberia', 'tubería'	alta
10990	SO10810	2025-08-15	Nalco de Mexico	Nalco de Mexico	94	Cuajimalpa de Morelos, CDMX	16114.14	MXN	SO10810 - Curso marco vergara 3.0	Servicio terciado marco vergara 3.0	Suministro de 8 tubos de PVC sanitario …	otros	servicio de tercero/analisis: 'curso'	alta
11110	SO10917	2025-08-19	JOHNSON CONTROLS ENTERPRISES MEXICO	JOHNSON CONTROLS ENTERPRISES MEXICO	900	San Pedro Garza García, Nuevo León	481047.00	MXN	🛠️ SO10917 - Instalación de alumbrado e…	Instalación de alumbrado en recicladora…	Suministro e instalación de 14 luminari… | Tendido e instalación de tubería Condui… | Tendido y ruteo de cableado eléctrico a…	electrico_control	'alumbrado', 'cablead', 'eléctric', 'luminari'	alta
11052	SO10871	2025-08-25	JOHNSON CONTROLS ENTERPRISES MEXICO	JOHNSON CONTROLS ENTERPRISES MEXICO	900	San Pedro Garza García, Nuevo León	170600.00	MXN	SO10871 - Cortadora de Rejillas en plan…	Servicio de automatización de dosificad…	Servicio de integracion de dosificador …	electrico_control	'automatiz', 'dosificador'	alta
10496	SO10337	2025-08-29	Bridgestone México	Bridgestone México	880	Ciudad de México, CDMX	19500.00	MXN	🛠️ SO10337 - Cortinas de seguridad 120s…	Mano de obra para instalación de cortin…	Mano de obra para instalación de 20 cor…	mecanico_instalacion	'cortina'	alta
11231	SO11037	2025-09-01	JOHNSON CONTROLS ENTERPRISES MEXICO	JOHNSON CONTROLS ENTERPRISES MEXICO	900	San Pedro Garza García, Nuevo León	210630.00	MXN	🛠️ SO11037 - Distribucion Electrica lum…	Distribucion Electrica Cabina de Flejad…	Suministro e instalación de 6 luminaria… | Suministro e instalación de tubería Con… | Suministro y ruteo de cableado eléctric…	electrico_control	'110', 'electric', 'cablead', 'eléctric'	alta
11325	SO11127	2025-09-19	Nalco de Mexico	Nalco de Mexico	94	Cuajimalpa de Morelos, CDMX	39375.00	MXN	SO11127 - Mantenimiento a motor en plan…	Mantenimiento a motor en planta MDLZ Se…	Mantenimiento a motor en planta Mondele…	electrico_control	'motor'	baja
10455	SO10296	2025-09-23	JOHNSON CONTROLS ENTERPRISES MEXICO	JOHNSON CONTROLS ENTERPRISES MEXICO	900	San Pedro Garza García, Nuevo León	81200.00	MXN	SO10296 - Suministro e instalación de b…	Suministro e instalación de booster y t…	Suministro e instalación de booster y t…	mecanico_instalacion	'booster'	alta
11397	SO11199	2025-10-01	JOHNSON CONTROLS ENTERPRISES MEXICO	JOHNSON CONTROLS ENTERPRISES MEXICO	900	San Pedro Garza García, Nuevo León	248230.00	MXN	SO11199 - Proyecto eléctrico instalació…	Proyecto eléctrico instalación de alime…	Proyecto instalación electrica cobot #1 | Proyecto instalación electrica cobot #2	electrico_control	'eléctric', 'cobot', 'electric'	alta
11429	SO11231	2025-10-13	Mission Foods	Mission Foods	1630	Irving, Texas	9300.00	USD	🛠️ SO11231 - Drain repair for washroom	Drain repair for washroom	Materials forreplacing and recondition … | Labor for repairing washroom drain	soldadura_tuberia_proceso	'drain'	alta
11289	SO11092	2025-10-16	Nalco de Mexico	Nalco de Mexico	94	Cuajimalpa de Morelos, CDMX	37500.00	MXN	SO11092 - Fabricación de mesa inoxidable	Fabricación de mesa inoxidable original	Suministro y construcción de pedestal e… | Instalacion de mesa de inox. fabricada …	soldadura_tuberia_proceso	'fabricación', 'inoxidable', 'inox'	alta
11433	SO11235	2025-10-21	JOHNSON CONTROLS ENTERPRISES MEXICO	JOHNSON CONTROLS ENTERPRISES MEXICO	900	San Pedro Garza García, Nuevo León	304286.00	MXN	SO11235 - Refuerzo para Mezanine	Servicio de instalación de refuerzos pa…	Estructura metálica en perfiles PTR, Jo… | Estructura metálica en placas y conexio… | Estructura metálica en perfiles LISO RE…	soldadura_tuberia_proceso	'mezanine', 'estructura metálica', 'ptr'	alta
11416	SO11218	2025-10-22	JOHNSON CONTROLS ENTERPRISES MEXICO	JOHNSON CONTROLS ENTERPRISES MEXICO	900	San Pedro Garza García, Nuevo León	46935.00	MXN	SO11218 - Servicio de diagnostico y rep…	Servicio de diagnostico y reparación de…	Servicio de diagnostico de cortina de a…	mecanico_instalacion	'cortina'	media
11170	SO10977	2025-10-22	QUIMITEC TRATAMIENTO DE AGUAS	QUIMITEC TRATAMIENTO DE AGUAS	1502	Monterrey, Nuevo León	1960980.60	MXN	🛠️ SO10977 - Proyecto Mezanine, interca…	Proyecto Mezanine, intercambiador y chi…	Fabricacion e instalación de mezanine e… | Suministro e instalación de chiller Tra… | Suministro e instalación de intercambia…	hvac	'intercambiador', 'chiller'	baja
11447	SO11249	2025-10-22	Mission Foods	Mission Foods	1630	Irving, Texas	2350.00	USD	SO11249 - Diagnostic Service for Plant …	Diagnostic Service for Plant Water Supp…	Diagnostic Service for Plant Water Supp…	mecanico_instalacion	'water supp'	alta
11438	SO11240	2025-10-23	Budenheim Mexico	Budenheim Mexico	815	Santa Catarina, Nuevo León	4324.00	USD	SO11240 - Refuerzo elevador budenheim	Refuerzo elevador budenheim	Adicional a la partida correspondiente …	mecanico_instalacion	'elevador'	alta
11424	SO11226	2025-10-29	Lau Industries de Mexico	Lau Industries de Mexico, Gustavo Vazqu…		(contacto del cliente; no consultado)	137000.00	MXN	SO11226 - anodo catodico	ánodo catódico	Suministro e instalación de un ánodo de…	electrico_control	'anodo', 'ánodo'	alta
11505	SO11307	2025-11-18	Budenheim Mexico	Budenheim Mexico	815	Santa Catarina, Nuevo León	11200.00	MXN	SO11307 - budenheim horas de automatiza…	Soporte horas de automatizacion para L6…	Servicio de reprogramación de control e…	electrico_control	'automatiz', 'programaci'	alta
11487	SO11289	2025-11-18	Lau Industries de Mexico	Lau Industries de Mexico, Gustavo Vazqu…		(contacto del cliente; no consultado)	77700.00	MXN	SO11289 - Laufan Maniobra para descarga…	maniobra para descarga de prensa en pla…	Servicio de maniobra para descarga de p…	mecanico_instalacion	'maniobra', 'prensa'	alta
11455	SO11257	2025-11-20	MAGNEKON S.A. DE C.V.	MAGNEKON S.A. DE C.V.	895	San Nicolas de los Garza, Nuevo León	103540.00	MXN	🛠️SO11257 - Arreglo de tubería para Man…	Fabricación de rack para guardar mangue…	Fabricación de rack de 3 niveles con tu…	soldadura_tuberia_proceso	'fabricación', 'rack', 'tubería'	alta
11516	SO11318	2025-11-21	TOMOGAI SA DE CV	TOMOGAI SA DE CV	2021	Monterrey, Nuevo León	30000.00	MXN	SO11318 - Servicio Flete - FTS - Tomaga…	Servicio Flete - FTS - Tomagai Apaseo e…	Servicio Flete - FTS - Tomagai Apaseo e…	otros	flete: 'flete'	alta
11518	SO11320	2025-11-24	Perama Logistics SA de CV	Perama Logistics SA de CV	948	Monterrey, Nuevo León	7000.00	MXN	SO11320 - Template Suministro Materiale…	Manuchar-Vesuvius / American Flux, Baut…	Servicio Flete -Perama - Ramos - Manuch…	otros	flete: 'flete'	alta
11517	SO11319	2025-11-24	Perama Logistics SA de CV	Perama Logistics SA de CV	948	Monterrey, Nuevo León	5500.00	MXN	SO11319 - Template Suministro Materiale…	Manuchar, Bautista	Servicio flete - FTS - Perama	otros	flete: 'flete'	alta
11520	SO11322	2025-11-24	IG ANUNCIOS	IG ANUNCIOS	2022	Nuevo León	22000.00	MXN	SO11322 - Template Suministro Materiale…	Servicio Flete - FTS - IG Anuncios - Sa…	Servicio Flete - FTS - IG Anuncios - Sa…	otros	flete: 'flete'	alta
11519	SO11321	2025-11-24	Perama Logistics SA de CV	Perama Logistics SA de CV	948	Monterrey, Nuevo León	5500.00	MXN		Manuchar-Graftech, Miguel Angel	Servicio flete - FTS - Perama Graftech	otros	flete: 'flete'	alta
11497	SO11299	2025-11-26	Budenheim Mexico	Budenheim Mexico	815	Santa Catarina, Nuevo León	7800.00	MXN	SO11299 - Suministro e instalación de F…	Suministro e instalación de Falda para …	Suministro e instalación de Falda para …	mecanico_instalacion	'falda'	alta
11425	SO11227	2025-11-27	Nalco de Mexico	Nalco de Mexico	94	Cuajimalpa de Morelos, CDMX	274600.00	MXN	SO11227 - Excedente vertiv nalco	Excedente vertiv nalco	Tubería PVC CED 80 | Tubería acero inoxidable	soldadura_tuberia_proceso	'acero inox', 'pvc', 'tubería'	alta
11488	SO11290	2025-11-27	Nalco de Mexico	Nalco de Mexico	94	Cuajimalpa de Morelos, CDMX	158730.00	MXN	🛠️ SO11290 - Test loop ingeniería mexic…	Test loop ingeniería mexicali narco	Diseño e ingeniería coneptual para tray…	otros	ingenieria/diseno: 'test loop ingenier'	media
11459	SO11261	2025-12-03	MAGNEKON S.A. DE C.V.	MAGNEKON S.A. DE C.V.	895	San Nicolas de los Garza, Nuevo León	725160.00	MXN	🛠️ SO11261 - Suministro e instalación d…	Suministro e instalación de sistema de … Por medio del presente realizo el hand …	Suministro e instalación de sistema de …	otros	sin palabra clave (texto truncado o vacio)	baja
11510	SO11312	2025-12-08	CHEMTREAT MEXICO	CHEMTREAT MEXICO	1945	Ciudad de Mexico	84875.00	MXN	🛠️ SO11312 - Ingeniería Caterpillar nue…	Ingeniería Caterpillar nuevo laredo Ingeniería conceptual para mejora de PT…	Diseño e ingeniería conceptual para pla…	otros	ingenieria/diseno: 'ingeniería caterpillar'	media
11659	SO11461	2025-12-09	Quikrete Las Vegas	Quikrete Las Vegas	1927	North Las Vegas, Nevada	738.00	USD	📦 SO11461 - Luminarias venus 200W quikr…	Luminarias venus 200W quikrete Suministro 3 luminarias venus venus 200…	200-Watt LED High Bay Light 30000LM Hig…	electrico_control	'luminari'	alta
11657	SO11459	2025-12-09	Quikrete Las Vegas	Quikrete Las Vegas	1927	North Las Vegas, Nevada	405.00	USD	📦 SO11459 - Reley quikrete las vegas	Reley quikrete las vegas Suministro de 3 Allen-Bradley 700-HA32A…	Relay and sockets	electrico_control	'reley', 'relay'	alta
11663	SO11465	2025-12-11	TRANSPELSA TRANSPORTE & LOGISTICA	TRANSPELSA TRANSPORTE & LOGISTICA	1490	Apodaca, Nuevo León	4000.00	MXN	🚚 SO11465 - Estra-Fanasa-micky	Estra-Fanasa-micky 1	SERVICIO DE FLETE LOCAL	otros	flete: 'flete'	alta
11662	SO11464	2025-12-15	Budenheim Mexico	Budenheim Mexico	815	Santa Catarina, Nuevo León	11200.00	MXN	🛠️ SO11464 - Servicio de reprogramación…	Servicio de reprogramación en línea 6 Serivio de programación en L6	Servicio de Reprogramación en Linea 6	electrico_control	'programaci'	alta
11668	SO11470	2025-12-15	Budenheim Mexico	Budenheim Mexico	815	Santa Catarina, Nuevo León	7800.00	MXN	📦 SO11470 - Segundo suministro de 2da f…	Segundo suministro de 2da falda de apil… Suministro de 2do Falda para apilador n…	Suministro de 2da falda para apilador n…	mecanico_instalacion	'apilador', 'falda'	alta
11669	SO11471	2025-12-17	Budenheim Mexico	Budenheim Mexico	815	Santa Catarina, Nuevo León	930694.00	MXN	🛠️ SO11471 - Proyectos budenheim (Conve…	Proyectos budenheim (Conveyor L4, Conve… Este proyecto agrupa 6 proyectos de Bud…	Ampliacion mezanine | Instalación escalones | Calculo estructural	mecanico_instalacion	'conveyor'	alta
11655	SO11457	2025-12-17	Lau Industries de Mexico	Lau Industries de Mexico, Gustavo Vazqu…		(contacto del cliente; no consultado)	77700.00	MXN	🛠️ SO11457 -Rigging para reorientar Pre…	Rigging para reorientar Prensa en Plant… Servicio de rigging para reorientar Pre…	Maniobras de Rigging para Reorientación…	mecanico_instalacion	'prensa', 'rigging', 'maniobra'	alta
11690	SO11492	2025-12-19	Mission Foods	Mission Foods	1630	Irving, Texas	185200.00	USD	🛠️ SO11492 - Instalacion de ductos de a…	Instalacion de ductos de aire en area d… Spiral Ductwork for approximately 8,000…	Ductwork for Corn (Process), Chips (Pro…	hvac	'ductos', 'ductwork'	alta
11703	SO11504	2026-01-14	JOHNSON CONTROLS ENTERPRISES MEXICO	JOHNSON CONTROLS ENTERPRISES MEXICO	900	San Pedro Garza García, Nuevo León	80125.00	MXN	🛠️ SO11504 - Adicional de proyecto lumi…	Adicional de proyecto luminarias. Servicio adicional de renta de andamios…	Servicio adicional en relación a la SO1…	electrico_control	'luminari'	alta
11708	SO11509	2026-01-22	Racing Cargo Mexico	Racing Cargo Mexico	722	San Pedro Garza Garcia, Nuevo León	5500.00	MXN	🚚SO11509 - Servicio Inland Freight Loca…	Servicio Inland Freight Local (IR) BSH … Prueba	Inland Freight Local (IR) BSH - FANASA	otros	flete: 'inland'	alta
11718	SO11519	2026-01-28	Racing Cargo Mexico	Racing Cargo Mexico	722	San Pedro Garza Garcia, Nuevo León	5500.00	MXN	🚚SO11519 - Envío de empaque retornable …	Envío de empaque retornable a Fanasa En… Flete QTMX010248	Envío de empaque retornable a Fanasa En…	otros	flete: 'envío de empaque'	alta
11720	SO11521	2026-01-28	Racing Cargo Mexico	Racing Cargo Mexico	722	San Pedro Garza Garcia, Nuevo León	5500.00	MXN	🚚SO11521 - Origen: BSH - AVENIDA INTERN…	Origen: BSH - AVENIDA INTERNACIONAL NO.… Origen: BSH - AVENIDA INTERNACIONAL NO.…	Envío de empaque retornable a Fanasa En…	otros	flete: 'origen: bsh'	alta
11830	SO11631	2026-02-24	Racing Cargo Mexico	Racing Cargo Mexico	722	San Pedro Garza Garcia, Nuevo León	5500.00	MXN		Origen: BSH - AVENIDA INTERNACIONAL NO.… Origen: BSH - AVENIDA INTERNACIONAL NO.…	Inland Freight Local (IR) BSH - FANASA	otros	flete: 'origen: bsh'	alta
11746	SO11547	2026-02-28	Nalco de Mexico	Nalco de Mexico	289	Cuajimalpa de Morelos (contacto de Nalco), CDMX	8153300.00	MXN		Desinstalación, Adecuación e Integració… 1. Interconexiones en tuberías de proce…	1. Interconexiones en tuberías de proce… | 2. Señales y tablero de control para au… | 3. Fabricación e instalación de polipas…	soldadura_tuberia_proceso	'tubería', 'fabricación'	media
11832	SO11633	2026-03-17	Racing Cargo Mexico	Racing Cargo Mexico	722	San Pedro Garza Garcia, Nuevo León	5500.00	MXN		Origen: BSH - AVENIDA INTERNACIONAL NO.… Origen: BSH - AVENIDA INTERNACIONAL NO.…	Origen: BSH - AVENIDA INTERNACIONAL NO.…	otros	flete: 'origen: bsh'	alta
11862	SO11663	2026-03-31	Nalco de Mexico	Nalco de Mexico	94	Cuajimalpa de Morelos, CDMX	1960040.00	MXN		Adicionales del proyecto Arca Continent…	Cambio de tablero en acero inoxidable d… | Instalación eléctrica con tubería condu… | Renta de andamios multidireccional y ma…	soldadura_tuberia_proceso	'acero inox', 'tubería'	baja
11845	SO11646	2026-03-31	Racing Cargo Mexico	Racing Cargo Mexico	722	San Pedro Garza Garcia, Nuevo León	5500.00	MXN		Origen: BSH - AVENIDA INTERNACIONAL NO.… Origen: BSH - AVENIDA INTERNACIONAL NO.…	Origen: BSH - AVENIDA INTERNACIONAL NO.…	otros	flete: 'origen: bsh'	alta
11831	SO11632	2026-03-31	Racing Cargo Mexico	Racing Cargo Mexico	722	San Pedro Garza Garcia, Nuevo León	24000.00	MXN		Origen: Carretera a Colombia km 10.5, M… Origen: Carretera a Colombia km 10.5, M…	Flete Mty - Guanajuato	otros	flete: 'flete'	alta
11710	SO11511	2026-03-31	BEBIDAS PURIFICADAS	BEBIDAS PURIFICADAS	897	Ciudad de Mexico, Estado de Mexico	106400.00	MXN		Valvula para lavado de botellas SUMINISTRO E INSTALACION DEL SISTEMA DE…	Suministro e instalación de sistema de …	mecanico_instalacion	'valvula'	alta
11750	SO11551	2026-06-09	QUIMITEC TRATAMIENTO DE AGUAS	QUIMITEC TRATAMIENTO DE AGUAS	1502	Monterrey, Nuevo León	1148745.70	MXN	SO11551 - Suministro y Puesta en marcha…	Suministro y Puesta en marcha chiller 3…	Suministro chiller marca trane | Servicio de Puesta en marcha de chiller…	hvac	'chiller'	baja
11960	SO11761	2026-06-17	MONDELEZ MEXICO	MONDELEZ MEXICO	7	Puebla, Puebla	100.00	MXN		ORDEN DE PRUEBA	MTTO AGOSTO 2025	otros	SO de prueba (ZZ-PRUEBA / ORDEN DE PRUEBA)	alta
11961	SO11762	2026-06-17	Nalco de Mexico	Nalco de Mexico	2237	Cuajimalpa de Morelos (contacto de Nalco), CDMX	1505182.00	MXN	SO11762 - Mejoras a sistema TOPOCHICO, …	Mejoras a sistema TOPOCHICO, MTY.	Sistema de soporte de tuberías | Sistema de alimentación para tuberías. | Sistema de alimentación para tuberías.	soldadura_tuberia_proceso	'tubería'	media
11898	SO11699	2026-06-25	Bridgestone México	Bridgestone México		(contacto del cliente; no consultado)	16145.00	USD	SO11699 - Instalacion mecanica y electr…	Instalacion mecanica y electrica de Sen…	Suministro e instalación de sensores de…	electrico_control	'electric', 'sensor'	media
11978	SO11779	2026-06-25	BEBIDAS PURIFICADAS	BEBIDAS PURIFICADAS	897	Ciudad de Mexico, Estado de Mexico	12474.00	MXN	SO11779 - Reparacion de motores de ramp…	Reparacion de motores de rampa	Reparación de motor eléctrico de unidad…	electrico_control	'motor', 'eléctric'	media
11431	SO11233	2026-07-13	Lau Industries de Mexico	Lau Industries de Mexico, Gustavo Vazqu…		(contacto del cliente; no consultado)	122600.00	MXN		Rigging compresor	Servicio de Rigging, carga, transporte …	mecanico_instalacion	'compresor', 'rigging'	alta
11970	SO11771	2026-07-24	CONMET DE MEXICO	CONMET DE MEXICO	2269	Ciénega de Flores	45854038.88	MXN	SO11771 - Subestación PI Aurora - Conme…	Subestación PI Aurora	"""Tablero MT Siemens 8DJH 36 kV — Sumini… | ""Relevador SIPROTEC 4/5 — Protección mu… | ""Medidor SICAM P850 multifunción — Cali…"	electrico_control	'subestaci', 'tablero'	alta
11936	SO11737	2026-08-17	Nalco de Mexico	Nalco de Mexico	2237	Cuajimalpa de Morelos (contacto de Nalco), CDMX	305840.00	MXN	SO11737 - Adecuaciones electricas y de …	Adecuaciones electricas y de control pa…	Suministro, instalación e integración d…	electrico_control	'electric'	alta
12031	SO11832	2026-08-17	BEBIDAS PURIFICADAS	BEBIDAS PURIFICADAS	897	Ciudad de Mexico, Estado de Mexico	74528.00	MXN	SO11832 - Servicio de ajuste de velocid…	Servicio de ajuste de velocidad en embo…	DIAGNÓSTICO Y AJUSTE DE MESA DE ACUMULA… | INTERVENCIÓN PARA AJUSTE EN FORMATO DE …	mecanico_instalacion	'embo', 'velocidad', 'mesa'	alta
11971	SO11772	2026-08-19	Nalco de Mexico	Nalco de Mexico	2237	Cuajimalpa de Morelos (contacto de Nalco), CDMX	13362.00	MXN	SO11772 - Suministro e instalación de i…	Suministro e instalación de injerto de …	Suministro e instalación de injerto de …	soldadura_tuberia_proceso	'injerto'	alta
11917	SO11718	2026-08-19	Nalco de Mexico	Nalco de Mexico	2237	Cuajimalpa de Morelos (contacto de Nalco), CDMX	17719.00	MXN	SO11718 - Fabricación e instalación de …	Fabricación e instalación de toma para …	Fabricación e instalación de toma para …	soldadura_tuberia_proceso	'fabricación', 'toma para'	alta
12060	SO11861	2026-08-28	MAGNEKON S.A. DE C.V.	MAGNEKON S.A. DE C.V.	895	San Nicolas de los Garza, Nuevo León	365350.00	MXN	SO11861 - Cubierta de acero Inoxidable …	Cubierta de acero Inoxidable 304 para r…	Reactor #1	soldadura_tuberia_proceso	'cubierta de acero', 'inoxidable'	alta
12061	SO11862	2026-08-28	MAGNEKON S.A. DE C.V.	MAGNEKON S.A. DE C.V.	895	San Nicolas de los Garza, Nuevo León	365350.00	MXN	SO11862 - Cubierta de acero Inoxidable …	Cubierta de acero Inoxidable 304 para r…	Reactor #2	soldadura_tuberia_proceso	'cubierta de acero', 'inoxidable'	alta
11697	SO11498	2026-09-02	Bridgestone México	Bridgestone México	880	Ciudad de México, CDMX	157420.00	MXN	SO11498 - Ingeniería conceptual para el…	Ingeniería conceptual para el diseño de…	Ingenieria Diseño	otros	ingenieria/diseno: 'ingeniería conceptual'	media
12088	SO11889	2026-09-14	ZZ-PRUEBA A3	ZZ-PRUEBA A3	2260		1500.00	MXN	SO11889 - ZZ PRUEBA E3 MXN (borrar) - Z…		Suministro y fabricacion | Instalacion en sitio	otros	SO de prueba (ZZ-PRUEBA / ORDEN DE PRUEBA)	alta
12090	SO11891	2026-09-15	ZZ-PRUEBA A3	ZZ-PRUEBA A3	2260		1500.00	MXN	SO11891 - ZZ-PRUEBA A3		ZZ PRUEBA E3 · Suministro e instalacion…	otros	SO de prueba (ZZ-PRUEBA / ORDEN DE PRUEBA)	alta
12054	SO11855	2026-09-24	Nalco de Mexico	Nalco de Mexico	2237	Cuajimalpa de Morelos (contacto de Nalco), CDMX	2344504.00	MXN	SO11855 - Adicional FTS - Proyecto TCh …	Adicional FTS - Proyecto TCh (Cuarto y …	Ajuste por modificación de alcance – Si… | Automatizacion de Sistema de polipasto …	electrico_control	'automatiz'	baja
